,name,true_result,mean_estimate,var_estimate,variance_reduction,n_sample,elapsed
0,Crude MC,0.010269994,0.0,0.0,1,200,0.3065011501312256
1,Control Variate (2Z),0.010269994,0.01,0.00994975,0.0,200,0.07238459587097168
2,Control Variate (Z^2),0.010269994,0.005,0.004999996,0.0,200,0.07201147079467773
3,Importance Sampling (E[L*] = 5),0.010269994,0.009198239,0.00051193987,0.0,200,0.04157876968383789
4,Importance Sampling (E[L*] = x),0.010269994,0.009481836,0.00028167324,0.0,200,0.048523902893066406
5,Crude MC,0.010269994,0.013333334,0.01317752,1,600,0.24973559379577637
6,Control Variate (2Z),0.010269994,0.005,0.0049833027,2.6443346,600,0.08625316619873047
7,Control Variate (Z^2),0.010269994,0.002979735,0.016047144,0.8211754,600,0.07483839988708496
8,Importance Sampling (E[L*] = 5),0.010269994,0.0110419765,0.0006017842,21.897417,600,0.05414247512817383
9,Importance Sampling (E[L*] = x),0.010269994,0.01065977,0.00028540727,46.170933,600,0.05275249481201172
10,Crude MC,0.010269994,0.007992008,0.007936065,1,1001,0.2413327693939209
11,Control Variate (2Z),0.010269994,0.01098901,0.010879122,0.72947663,1001,0.09169411659240723
12,Control Variate (Z^2),0.010269994,0.0077176946,0.007026751,1.1294074,1001,0.07155084609985352
13,Importance Sampling (E[L*] = 5),0.010269994,0.0096448865,0.0005506235,14.412869,1001,0.054360151290893555
14,Importance Sampling (E[L*] = x),0.010269994,0.009325649,0.00023757532,33.404415,1001,0.05669903755187988
15,Crude MC,0.010269994,0.009985735,0.009893078,1,1402,0.2719554901123047
16,Control Variate (2Z),0.010269994,0.017118402,0.01683737,0.58756673,1402,0.08099913597106934
17,Control Variate (Z^2),0.010269994,0.0078551555,0.007789901,1.2699877,1402,0.07542252540588379
18,Importance Sampling (E[L*] = 5),0.010269994,0.01050986,0.0005856738,16.89179,1402,0.04547548294067383
19,Importance Sampling (E[L*] = x),0.010269994,0.011180853,0.00032951735,30.022936,1402,0.056339263916015625
20,Crude MC,0.010269994,0.013311148,0.013141251,1,1803,0.2621440887451172
21,Control Variate (2Z),0.010269994,0.012201886,0.012059692,1.0896838,1803,0.08379364013671875
22,Control Variate (Z^2),0.010269994,0.00937686,0.0099355215,1.3226534,1803,0.08541035652160645
23,Importance Sampling (E[L*] = 5),0.010269994,0.0098367985,0.00055661454,23.60925,1803,0.053852081298828125
24,Importance Sampling (E[L*] = x),0.010269994,0.01038742,0.00028420845,46.23807,1803,0.05183267593383789
25,Crude MC,0.010269994,0.012250454,0.012105874,1,2204,0.2897167205810547
26,Control Variate (2Z),0.010269994,0.00907441,0.00899615,1.3456727,2204,0.09346270561218262
27,Control Variate (Z^2),0.010269994,0.012633636,0.012338203,0.9811699,2204,0.0632181167602539
28,Importance Sampling (E[L*] = 5),0.010269994,0.009591798,0.00053742126,22.525856,2204,0.0541081428527832
29,Importance Sampling (E[L*] = x),0.010269994,0.010952617,0.0003004556,40.29172,2204,0.05689215660095215
30,Crude MC,0.010269994,0.0088325655,0.0087579135,1,2604,0.3245849609375
31,Control Variate (2Z),0.010269994,0.010368664,0.010265101,0.8531737,2604,0.09629511833190918
32,Control Variate (Z^2),0.010269994,0.0071811792,0.009501926,0.9216988,2604,0.10918617248535156
33,Importance Sampling (E[L*] = 5),0.010269994,0.009776699,0.00053428655,16.39179,2604,0.046581268310546875
34,Importance Sampling (E[L*] = x),0.010269994,0.010001219,0.0002745441,31.899843,2604,0.05331826210021973
35,Crude MC,0.010269994,0.008985025,0.008907253,1,3005,0.30159473419189453
36,Control Variate (2Z),0.010269994,0.01031614,0.010213113,0.87213886,3005,0.0913543701171875
37,Control Variate (Z^2),0.010269994,0.007126767,0.021903267,0.4066632,3005,0.07138347625732422
38,Importance Sampling (E[L*] = 5),0.010269994,0.010360369,0.0005926274,15.030107,3005,0.04915475845336914
39,Importance Sampling (E[L*] = x),0.010269994,0.009919349,0.00027107133,32.859444,3005,0.0517117977142334
40,Crude MC,0.010269994,0.008807986,0.008732972,1,3406,0.275601863861084
41,Control Variate (2Z),0.010269994,0.009982384,0.009885641,0.88339967,3406,0.06953287124633789
42,Control Variate (Z^2),0.010269994,0.010274476,0.010173315,0.8584195,3406,0.07180476188659668
43,Importance Sampling (E[L*] = 5),0.010269994,0.010280735,0.0005716846,15.275856,3406,0.0571131706237793
44,Importance Sampling (E[L*] = x),0.010269994,0.010262922,0.00027872305,31.332075,3406,0.04721784591674805
45,Crude MC,0.010269994,0.009193591,0.009111459,1,3807,0.2852771282196045
46,Control Variate (2Z),0.010269994,0.009981614,0.009884579,0.92178524,3807,0.07886672019958496
47,Control Variate (Z^2),0.010269994,0.0097321365,0.010918608,0.8344891,3807,0.06791567802429199
48,Importance Sampling (E[L*] = 5),0.010269994,0.010077241,0.00057323993,15.89467,3807,0.0416412353515625
49,Importance Sampling (E[L*] = x),0.010269994,0.010185994,0.00028142644,32.375988,3807,0.051757097244262695
50,Crude MC,0.010269994,0.011169202,0.011047076,1,4208,0.26044321060180664
51,Control Variate (2Z),0.010269994,0.010456273,0.010349399,1.0674124,4208,0.08653903007507324
52,Control Variate (Z^2),0.010269994,0.008452785,0.009556055,1.156029,4208,0.07485485076904297
53,Importance Sampling (E[L*] = 5),0.010269994,0.010311345,0.00055349484,19.95877,4208,0.037925004959106445
54,Importance Sampling (E[L*] = x),0.010269994,0.010298525,0.00028102938,39.30933,4208,0.04452395439147949
55,Crude MC,0.010269994,0.010199653,0.010097811,1,4608,0.2706780433654785
56,Control Variate (2Z),0.010269994,0.010199653,0.010097811,1.0,4608,0.0796048641204834
57,Control Variate (Z^2),0.010269994,0.01351233,0.014528255,0.69504637,4608,0.06886887550354004
58,Importance Sampling (E[L*] = 5),0.010269994,0.009480571,0.00053153565,18.997429,4608,0.030261993408203125
59,Importance Sampling (E[L*] = x),0.010269994,0.01022041,0.00028293394,35.689644,4608,0.03270530700683594
60,Crude MC,0.010269994,0.00938311,0.009296924,1,5009,0.2572765350341797
61,Control Variate (2Z),0.010269994,0.010580954,0.010471086,0.88786626,5009,0.07574009895324707
62,Control Variate (Z^2),0.010269994,0.008593262,0.01098966,0.8459701,5009,0.07650113105773926
63,Importance Sampling (E[L*] = 5),0.010269994,0.0103093535,0.00058730243,15.829875,5009,0.04467296600341797
64,Importance Sampling (E[L*] = x),0.010269994,0.010270936,0.00028778898,32.304657,5009,0.0464632511138916
65,Crude MC,0.010269994,0.00831793,0.008250266,1,5410,0.25501203536987305
66,Control Variate (2Z),0.010269994,0.010536044,0.010426964,0.79124343,5410,0.08250832557678223
67,Control Variate (Z^2),0.010269994,0.007954464,0.010386967,0.7942902,5410,0.07880067825317383
68,Importance Sampling (E[L*] = 5),0.010269994,0.010045214,0.00055721967,14.806129,5410,0.03617262840270996
69,Importance Sampling (E[L*] = x),0.010269994,0.010316247,0.00028603946,28.843105,5410,0.03386068344116211
70,Crude MC,0.010269994,0.009636895,0.009545669,1,5811,0.23389434814453125
71,Control Variate (2Z),0.010269994,0.008260196,0.0081933765,1.165047,5811,0.08185696601867676
72,Control Variate (Z^2),0.010269994,0.010742367,0.010266276,0.9298083,5811,0.08388257026672363
73,Importance Sampling (E[L*] = 5),0.010269994,0.010346028,0.00057187554,16.691864,5811,0.04203391075134277
74,Importance Sampling (E[L*] = x),0.010269994,0.010078212,0.00027541156,34.659653,5811,0.04487323760986328
75,Crude MC,0.010269994,0.008692853,0.008618674,1,6212,0.24710345268249512
76,Control Variate (2Z),0.010269994,0.0077269804,0.007668509,1.1239048,6212,0.07962393760681152
77,Control Variate (Z^2),0.010269994,0.008780431,0.0086806165,0.9928643,6212,0.06482577323913574
78,Importance Sampling (E[L*] = 5),0.010269994,0.010739216,0.0005901368,14.604536,6212,0.034981489181518555
79,Importance Sampling (E[L*] = x),0.010269994,0.009757354,0.0002639467,32.653084,6212,0.04467010498046875
80,Crude MC,0.010269994,0.00862069,0.0085476665,1,6612,0.2859532833099365
81,Control Variate (2Z),0.010269994,0.007864488,0.0078038196,1.0953183,6612,0.07612276077270508
82,Control Variate (Z^2),0.010269994,0.008749927,0.008788266,0.97262263,6612,0.06115579605102539
83,Importance Sampling (E[L*] = 5),0.010269994,0.010325908,0.00057687255,14.817253,6612,0.04011392593383789
84,Importance Sampling (E[L*] = x),0.010269994,0.010057649,0.00027770054,30.780157,6612,0.03500819206237793
85,Crude MC,0.010269994,0.00855554,0.008483552,1,7013,0.23580551147460938
86,Control Variate (2Z),0.010269994,0.009411094,0.009323855,0.90987605,7013,0.07139086723327637
87,Control Variate (Z^2),0.010269994,0.010373607,0.010240579,0.82842505,7013,0.07468843460083008
88,Importance Sampling (E[L*] = 5),0.010269994,0.010702037,0.0005932024,14.301277,7013,0.03850054740905762
89,Importance Sampling (E[L*] = x),0.010269994,0.010152423,0.00027559604,30.782562,7013,0.04119729995727539
90,Crude MC,0.010269994,0.010385756,0.01027928,1,7414,0.27311134338378906
91,Control Variate (2Z),0.010269994,0.010385756,0.010279279,1.0000001,7414,0.07330751419067383
92,Control Variate (Z^2),0.010269994,0.0083852215,0.00859266,1.1962862,7414,0.07046055793762207
93,Importance Sampling (E[L*] = 5),0.010269994,0.010563711,0.0005983228,17.180159,7414,0.038179874420166016
94,Importance Sampling (E[L*] = x),0.010269994,0.010085174,0.0002772109,37.08108,7414,0.04980158805847168
95,Crude MC,0.010269994,0.010364683,0.010258568,1,7815,0.25487542152404785
96,Control Variate (2Z),0.010269994,0.011772233,0.011635136,0.8816888,7815,0.08225893974304199
97,Control Variate (Z^2),0.010269994,0.009826256,0.009659663,1.0620006,7815,0.0898129940032959
98,Importance Sampling (E[L*] = 5),0.010269994,0.01038521,0.000575987,17.810417,7815,0.0443110466003418
99,Importance Sampling (E[L*] = x),0.010269994,0.010386526,0.0002854579,35.937237,7815,0.041771650314331055
100,Crude MC,0.010269994,0.009858812,0.009762806,1,8216,0.26917386054992676
101,Control Variate (2Z),0.010269994,0.009493671,0.009404686,1.0380789,8216,0.08341097831726074
102,Control Variate (Z^2),0.010269994,0.008523459,0.009044378,1.0794337,8216,0.06928086280822754
103,Importance Sampling (E[L*] = 5),0.010269994,0.010487467,0.00057708396,16.917479,8216,0.04617667198181152
104,Importance Sampling (E[L*] = x),0.010269994,0.010009093,0.00027167177,35.936035,8216,0.048949480056762695
105,Crude MC,0.010269994,0.00963324,0.00954155,1,8616,0.24383926391601562
106,Control Variate (2Z),0.010269994,0.0089368615,0.008858022,1.0771648,8616,0.08078813552856445
107,Control Variate (Z^2),0.010269994,0.009938854,0.009896513,0.9641325,8616,0.0682370662689209
108,Importance Sampling (E[L*] = 5),0.010269994,0.010326677,0.0005779274,16.509945,8616,0.04026389122009277
109,Importance Sampling (E[L*] = x),0.010269994,0.010223277,0.0002745417,34.754463,8616,0.0403590202331543
110,Crude MC,0.010269994,0.008872131,0.008794391,1,9017,0.2590510845184326
111,Control Variate (2Z),0.010269994,0.009315737,0.009229979,0.95280725,9017,0.07960653305053711
112,Control Variate (Z^2),0.010269994,0.008222231,0.008245021,1.0666305,9017,0.0689702033996582
113,Importance Sampling (E[L*] = 5),0.010269994,0.010168628,0.00056301063,15.620293,9017,0.036438941955566406
114,Importance Sampling (E[L*] = x),0.010269994,0.010348755,0.00028399462,30.966751,9017,0.041081905364990234
115,Crude MC,0.010269994,0.0102994265,0.010194431,1,9418,0.26552510261535645
116,Control Variate (2Z),0.010269994,0.011042684,0.010921901,0.9333935,9418,0.0796971321105957
117,Control Variate (Z^2),0.010269994,0.008610454,0.010629039,0.9591112,9418,0.07877731323242188
118,Importance Sampling (E[L*] = 5),0.010269994,0.010574717,0.00058809144,17.334772,9418,0.0383906364440918
119,Importance Sampling (E[L*] = x),0.010269994,0.010165319,0.00027614596,36.91682,9418,0.041611671447753906
120,Crude MC,0.010269994,0.009471432,0.00938268,1,9819,0.2639319896697998
121,Control Variate (2Z),0.010269994,0.009471432,0.00938268,1.0,9819,0.08269023895263672
122,Control Variate (Z^2),0.010269994,0.0083864955,0.008770336,1.0698198,9819,0.07935643196105957
123,Importance Sampling (E[L*] = 5),0.010269994,0.009591556,0.000536371,17.492891,9819,0.04063987731933594
124,Importance Sampling (E[L*] = x),0.010269994,0.010470681,0.00028723475,32.665546,9819,0.04918622970581055
125,Crude MC,0.010269994,0.010078278,0.009977682,1,10220,0.2725512981414795
126,Control Variate (2Z),0.010269994,0.009197652,0.009113946,1.0947708,10220,0.07314467430114746
127,Control Variate (Z^2),0.010269994,0.00929536,0.009713466,1.0272009,10220,0.08938479423522949
128,Importance Sampling (E[L*] = 5),0.010269994,0.010343902,0.0005733861,17.40133,10220,0.03829479217529297
129,Importance Sampling (E[L*] = x),0.010269994,0.010332216,0.00028385565,35.150547,10220,0.04835867881774902
130,Crude MC,0.010269994,0.009510358,0.009420798,1,10620,0.25588083267211914
131,Control Variate (2Z),0.010269994,0.010640302,0.0105280755,0.89482623,10620,0.07776451110839844
132,Control Variate (Z^2),0.010269994,0.008361056,0.009081554,1.0373553,10620,0.08619570732116699
133,Importance Sampling (E[L*] = 5),0.010269994,0.009904395,0.0005478701,17.195312,10620,0.0422511100769043
134,Importance Sampling (E[L*] = x),0.010269994,0.010488531,0.00028972127,32.516766,10620,0.044219255447387695
135,Crude MC,0.010269994,0.010706833,0.010593156,1,11021,0.2866201400756836
136,Control Variate (2Z),0.010269994,0.0112512475,0.011125666,0.9521368,11021,0.08712601661682129
137,Control Variate (Z^2),0.010269994,0.011279756,0.0110896975,0.955225,11021,0.08867263793945312
138,Importance Sampling (E[L*] = 5),0.010269994,0.010160916,0.00056651764,18.698723,11021,0.0404353141784668
139,Importance Sampling (E[L*] = x),0.010269994,0.010069295,0.00027355744,38.7237,11021,0.04880213737487793
140,Crude MC,0.010269994,0.008842585,0.00876516,1,11422,0.2727937698364258
141,Control Variate (2Z),0.010269994,0.0097180875,0.00962449,0.91071427,11422,0.09655070304870605
142,Control Variate (Z^2),0.010269994,0.010177771,0.012682333,0.69113153,11422,0.10036158561706543
143,Importance Sampling (E[L*] = 5),0.010269994,0.00994314,0.0005464893,16.039032,11422,0.05169677734375
144,Importance Sampling (E[L*] = x),0.010269994,0.010233725,0.00028128337,31.161316,11422,0.05710554122924805
145,Crude MC,0.010269994,0.0087118335,0.008636666,1,11823,0.3065497875213623
146,Control Variate (2Z),0.010269994,0.010741775,0.010627287,0.81268775,11823,0.09663772583007812
147,Control Variate (Z^2),0.010269994,0.010712123,0.011675998,0.7396941,11823,0.0711665153503418
148,Importance Sampling (E[L*] = 5),0.010269994,0.010206885,0.00056765013,15.21477,11823,0.04284811019897461
149,Importance Sampling (E[L*] = x),0.010269994,0.009886879,0.00026996975,31.991238,11823,0.04588651657104492
150,Crude MC,0.010269994,0.00989856,0.009801381,1,12224,0.24085283279418945
151,Control Variate (2Z),0.010269994,0.010307591,0.010202181,0.96071434,12224,0.060359954833984375
152,Control Variate (Z^2),0.010269994,0.010562442,0.010589588,0.92556775,12224,0.06325697898864746
153,Importance Sampling (E[L*] = 5),0.010269994,0.010462258,0.0005760615,17.014471,12224,0.03190755844116211
154,Importance Sampling (E[L*] = x),0.010269994,0.010277587,0.0002756709,35.554646,12224,0.03765869140625
155,Crude MC,0.010269994,0.008871989,0.008793975,1,12624,0.23023700714111328
156,Control Variate (2Z),0.010269994,0.010060202,0.009959785,0.8829483,12624,0.06341147422790527
157,Control Variate (Z^2),0.010269994,0.009335791,0.010307904,0.8531293,12624,0.06819367408752441
158,Importance Sampling (E[L*] = 5),0.010269994,0.0100844,0.0005590579,15.729989,12624,0.03653073310852051
159,Importance Sampling (E[L*] = x),0.010269994,0.010293799,0.0002776713,31.670452,12624,0.038744211196899414
160,Crude MC,0.010269994,0.009443378,0.009354918,1,13025,0.27897167205810547
161,Control Variate (2Z),0.010269994,0.011132438,0.011009352,0.84972465,13025,0.08903264999389648
162,Control Variate (Z^2),0.010269994,0.008711536,0.009590373,0.9754488,13025,0.07210874557495117
163,Importance Sampling (E[L*] = 5),0.010269994,0.01033321,0.00057427003,16.290104,13025,0.04216718673706055
164,Importance Sampling (E[L*] = x),0.010269994,0.01012835,0.000275136,34.00107,13025,0.04604005813598633
165,Crude MC,0.010269994,0.010427529,0.010319564,1,13426,0.2748551368713379
166,Control Variate (2Z),0.010269994,0.009906152,0.009808749,1.0520774,13426,0.08240675926208496
167,Control Variate (Z^2),0.010269994,0.008789631,0.009842174,1.0485045,13426,0.09035611152648926
168,Importance Sampling (E[L*] = 5),0.010269994,0.010183932,0.0005681928,18.16208,13426,0.043862342834472656
169,Importance Sampling (E[L*] = x),0.010269994,0.010375443,0.0002829289,36.474052,13426,0.04272055625915527
170,Crude MC,0.010269994,0.010776018,0.010660664,1,13827,0.2760465145111084
171,Control Variate (2Z),0.010269994,0.010342085,0.0102358665,1.0415009,13827,0.08212637901306152
172,Control Variate (Z^2),0.010269994,0.010560577,0.010392798,1.0257742,13827,0.0824117660522461
173,Importance Sampling (E[L*] = 5),0.010269994,0.009936009,0.0005533023,19.267342,13827,0.04310131072998047
174,Importance Sampling (E[L*] = x),0.010269994,0.010072945,0.00026907987,39.618958,13827,0.0446019172668457
175,Crude MC,0.010269994,0.011386,0.01125715,1,14228,0.29294729232788086
176,Control Variate (2Z),0.010269994,0.010823728,0.010707328,1.0513501,14228,0.08878684043884277
177,Control Variate (Z^2),0.010269994,0.009937485,0.0110557545,1.0182164,14228,0.08348798751831055
178,Importance Sampling (E[L*] = 5),0.010269994,0.010190289,0.00057038735,19.735975,14228,0.040436744689941406
179,Importance Sampling (E[L*] = x),0.010269994,0.01040034,0.00028670585,39.263763,14228,0.05014657974243164
180,Crude MC,0.010269994,0.009570686,0.009479737,1,14628,0.2371351718902588
181,Control Variate (2Z),0.010269994,0.009707411,0.009613833,0.98605174,14628,0.0717155933380127
182,Control Variate (Z^2),0.010269994,0.009446356,0.009737488,0.97353005,14628,0.07924675941467285
183,Importance Sampling (E[L*] = 5),0.010269994,0.010483355,0.0005940493,15.957829,14628,0.0453183650970459
184,Importance Sampling (E[L*] = x),0.010269994,0.010164456,0.0002772925,34.186775,14628,0.04165911674499512
185,Crude MC,0.010269994,0.009914166,0.009816528,1,15029,0.23954343795776367
186,Control Variate (2Z),0.010269994,0.009847628,0.0097513,1.0066892,15029,0.08983373641967773
187,Control Variate (Z^2),0.010269994,0.009240099,0.00976062,1.0057279,15029,0.0814812183380127
188,Importance Sampling (E[L*] = 5),0.010269994,0.010504744,0.0005846168,16.79139,15029,0.04818105697631836
189,Importance Sampling (E[L*] = x),0.010269994,0.010113167,0.00027440384,35.77402,15029,0.04360055923461914
190,Crude MC,0.010269994,0.009786132,0.009690992,1,15430,0.24486064910888672
191,Control Variate (2Z),0.010269994,0.0099805575,0.009881586,0.9807122,15430,0.07930445671081543
192,Control Variate (Z^2),0.010269994,0.009045851,0.008871774,1.0923398,15430,0.0687723159790039
193,Importance Sampling (E[L*] = 5),0.010269994,0.0107001,0.0005930849,16.339973,15430,0.03825855255126953
194,Importance Sampling (E[L*] = x),0.010269994,0.010255107,0.00027770788,34.89635,15430,0.04679679870605469
195,Crude MC,0.010269994,0.009917251,0.009819519,1,15831,0.2616086006164551
196,Control Variate (2Z),0.010269994,0.009854083,0.009757597,1.006346,15831,0.08657121658325195
197,Control Variate (Z^2),0.010269994,0.0089782225,0.011605626,0.84609985,15831,0.0721902847290039
198,Importance Sampling (E[L*] = 5),0.010269994,0.010209418,0.00056791905,17.29035,15831,0.03494405746459961
199,Importance Sampling (E[L*] = x),0.010269994,0.010370721,0.0002835489,34.630775,15831,0.042102813720703125
200,Crude MC,0.010269994,0.008563332,0.008490524,1,16232,0.2520878314971924
201,Control Variate (2Z),0.010269994,0.0101034995,0.010002035,0.8488797,16232,0.06128215789794922
202,Control Variate (Z^2),0.010269994,0.011194627,0.010928203,0.7769369,16232,0.06928634643554688
203,Importance Sampling (E[L*] = 5),0.010269994,0.010016957,0.00056285923,15.084632,16232,0.039046525955200195
204,Importance Sampling (E[L*] = x),0.010269994,0.010390717,0.0002861819,29.66828,16232,0.04479694366455078
205,Crude MC,0.010269994,0.008958634,0.008878911,1,16632,0.24064421653747559
206,Control Variate (2Z),0.010269994,0.010161135,0.010058491,0.882728,16632,0.07328534126281738
207,Control Variate (Z^2),0.010269994,0.010454873,0.011236456,0.79018784,16632,0.06775856018066406
208,Importance Sampling (E[L*] = 5),0.010269994,0.010256472,0.00056932686,15.595454,16632,0.04295516014099121
209,Importance Sampling (E[L*] = x),0.010269994,0.010046674,0.00027579046,32.19441,16632,0.04227447509765625
210,Crude MC,0.010269994,0.0086303055,0.008556327,1,17033,0.2885005474090576
211,Control Variate (2Z),0.010269994,0.01074385,0.010629045,0.8049949,17033,0.08264470100402832
212,Control Variate (Z^2),0.010269994,0.008928396,0.009703283,0.8817971,17033,0.06857085227966309
213,Importance Sampling (E[L*] = 5),0.010269994,0.010318276,0.0005735564,14.918021,17033,0.036950111389160156
214,Importance Sampling (E[L*] = x),0.010269994,0.010122177,0.0002776302,30.81915,17033,0.044826507568359375
215,Crude MC,0.010269994,0.01049673,0.010387146,1,17434,0.2593543529510498
216,Control Variate (2Z),0.010269994,0.00912011,0.009037452,1.1493446,17434,0.1413710117340088
217,Control Variate (Z^2),0.010269994,0.009474136,0.012201094,0.851329,17434,0.06891226768493652
218,Importance Sampling (E[L*] = 5),0.010269994,0.010345769,0.0005769924,18.002224,17434,0.04514122009277344
219,Importance Sampling (E[L*] = x),0.010269994,0.009865686,0.00026862588,38.6677,17434,0.042679786682128906
220,Crude MC,0.010269994,0.0099243065,0.009826365,1,17835,0.2840902805328369
221,Control Variate (2Z),0.010269994,0.010036445,0.009936272,0.9889388,17835,0.0807652473449707
222,Control Variate (Z^2),0.010269994,0.008560785,0.008884167,1.1060536,17835,0.08231019973754883
223,Importance Sampling (E[L*] = 5),0.010269994,0.010106008,0.00056383485,17.427736,17835,0.03852200508117676
224,Importance Sampling (E[L*] = x),0.010269994,0.010354272,0.00028164947,34.888634,17835,0.04300546646118164
225,Crude MC,0.010269994,0.009431893,0.009343444,1,18236,0.2735257148742676
226,Control Variate (2Z),0.010269994,0.010583461,0.010472026,0.89222896,18236,0.0798647403717041
227,Control Variate (Z^2),0.010269994,0.010900767,0.011358274,0.8226113,18236,0.06850218772888184
228,Importance Sampling (E[L*] = 5),0.010269994,0.0099641355,0.00055173,16.934813,18236,0.037845611572265625
229,Importance Sampling (E[L*] = x),0.010269994,0.010148982,0.00027745793,33.675175,18236,0.03897976875305176
230,Crude MC,0.010269994,0.0101953205,0.0100919185,1,18636,0.24404311180114746
231,Control Variate (2Z),0.010269994,0.0101953205,0.0100919185,1.0,18636,0.09694647789001465
232,Control Variate (Z^2),0.010269994,0.01014121,0.00997972,1.0112426,18636,0.08149600028991699
233,Importance Sampling (E[L*] = 5),0.010269994,0.010112971,0.0005620506,17.955534,18636,0.038199424743652344
234,Importance Sampling (E[L*] = x),0.010269994,0.010109086,0.00027703494,36.428326,18636,0.04675102233886719
235,Crude MC,0.010269994,0.010505857,0.010396031,1,19037,0.23569941520690918
236,Control Variate (2Z),0.010269994,0.010033093,0.009932953,1.0466204,19037,0.09540224075317383
237,Control Variate (Z^2),0.010269994,0.009987156,0.009865832,1.053741,19037,0.07164263725280762
238,Importance Sampling (E[L*] = 5),0.010269994,0.010128431,0.00055975,18.572632,19037,0.0391697883605957
239,Importance Sampling (E[L*] = x),0.010269994,0.0102465395,0.00027680793,37.55684,19037,0.03832721710205078
240,Crude MC,0.010269994,0.0103405705,0.01023417,1,19438,0.29627299308776855
241,Control Variate (2Z),0.010269994,0.008745756,0.0086697135,1.1804507,19438,0.08206391334533691
242,Control Variate (Z^2),0.010269994,0.008836812,0.008907487,1.1489402,19438,0.0690608024597168
243,Importance Sampling (E[L*] = 5),0.010269994,0.010094261,0.0005632398,18.170181,19438,0.04088616371154785
244,Importance Sampling (E[L*] = x),0.010269994,0.0101857195,0.000273269,37.4509,19438,0.04568004608154297
245,Crude MC,0.010269994,0.009980342,0.009881233,1,19839,0.2502257823944092
246,Control Variate (2Z),0.010269994,0.01119008,0.011065421,0.892983,19839,0.07722306251525879
247,Control Variate (Z^2),0.010269994,0.009913371,0.009769283,1.0114594,19839,0.07833027839660645
248,Importance Sampling (E[L*] = 5),0.010269994,0.0102585545,0.00057128514,17.2965,19839,0.04863882064819336
249,Importance Sampling (E[L*] = x),0.010269994,0.010172887,0.00028229543,35.003162,19839,0.04263448715209961
250,Crude MC,0.010269994,0.010424901,0.010316731,1,20240,0.28427672386169434
251,Control Variate (2Z),0.010269994,0.011561264,0.011428165,0.9027461,20240,0.06491661071777344
252,Control Variate (Z^2),0.010269994,0.009413528,0.009618425,1.072601,20240,0.06468343734741211
253,Importance Sampling (E[L*] = 5),0.010269994,0.010417581,0.0005849663,17.636454,20240,0.033275604248046875
254,Importance Sampling (E[L*] = x),0.010269994,0.01034904,0.00028390964,36.33808,20240,0.03654813766479492
255,Crude MC,0.010269994,0.0105135655,0.010403535,1,20640,0.23705673217773438
256,Control Variate (2Z),0.010269994,0.0017908751,1.2502805,0.008320961,20640,0.06342744827270508
257,Control Variate (Z^2),0.010269994,0.00943521,0.010334598,1.0066706,20640,0.06679654121398926
258,Importance Sampling (E[L*] = 5),0.010269994,0.010206527,0.0005698238,18.257462,20640,0.03191328048706055
259,Importance Sampling (E[L*] = x),0.010269994,0.010261735,0.00028146518,36.962067,20640,0.04364609718322754
260,Crude MC,0.010269994,0.010835987,0.010719078,1,21041,0.2727680206298828
261,Control Variate (2Z),0.010269994,0.010170619,0.010067655,1.0647045,21041,0.06959104537963867
262,Control Variate (Z^2),0.010269994,0.008843335,0.009337108,1.1480083,21041,0.06913995742797852
263,Importance Sampling (E[L*] = 5),0.010269994,0.010197881,0.0005662581,18.929668,21041,0.03720855712890625
264,Importance Sampling (E[L*] = x),0.010269994,0.010490799,0.00028780574,37.24414,21041,0.04288911819458008
265,Crude MC,0.010269994,0.010306874,0.010201118,1,21442,0.2503049373626709
266,Control Variate (2Z),0.010269994,0.010819886,0.010703314,0.9530803,21442,0.07727479934692383
267,Control Variate (Z^2),0.010269994,0.009046303,0.011200686,0.9107583,21442,0.06790971755981445
268,Importance Sampling (E[L*] = 5),0.010269994,0.010407238,0.0005780597,17.647171,21442,0.03563880920410156
269,Importance Sampling (E[L*] = x),0.010269994,0.010360876,0.00028523323,35.76413,21442,0.04717087745666504
270,Crude MC,0.010269994,0.010758596,0.010643337,1,21843,0.27001357078552246
271,Control Variate (2Z),0.010269994,0.0099803135,0.009881158,1.0771345,21843,0.09255552291870117
272,Control Variate (Z^2),0.010269994,0.008914772,0.009451839,1.1260599,21843,0.09280514717102051
273,Importance Sampling (E[L*] = 5),0.010269994,0.010280075,0.00057675864,18.45371,21843,0.0458979606628418
274,Importance Sampling (E[L*] = x),0.010269994,0.0105958665,0.0002921291,36.433678,21843,0.05058598518371582
275,Crude MC,0.010269994,0.010879339,0.010761463,1,22244,0.26125144958496094
276,Control Variate (2Z),0.010269994,0.009980219,0.009881059,1.0891002,22244,0.08344554901123047
277,Control Variate (Z^2),0.010269994,0.010447313,0.011329187,0.94988835,22244,0.06739687919616699
278,Importance Sampling (E[L*] = 5),0.010269994,0.010094163,0.0005651299,19.04246,22244,0.03745293617248535
279,Importance Sampling (E[L*] = x),0.010269994,0.010184316,0.0002737339,39.313595,22244,0.0419926643371582
280,Crude MC,0.010269994,0.010201378,0.010097756,1,22644,0.2742919921875
281,Control Variate (2Z),0.010269994,0.010333864,0.010227527,0.98731166,22644,0.09124612808227539
282,Control Variate (Z^2),0.010269994,0.009747764,0.009856102,1.0245183,22644,0.0704798698425293
283,Importance Sampling (E[L*] = 5),0.010269994,0.010195361,0.0005635449,17.918282,22644,0.041989803314208984
284,Importance Sampling (E[L*] = x),0.010269994,0.010228507,0.00028057615,35.98936,22644,0.04980587959289551
285,Crude MC,0.010269994,0.01071816,0.010603741,1,23045,0.2381577491760254
286,Control Variate (2Z),0.010269994,0.00993708,0.009838761,1.0777516,23045,0.07541203498840332
287,Control Variate (Z^2),0.010269994,0.0093351705,0.009770058,1.0853304,23045,0.07773303985595703
288,Importance Sampling (E[L*] = 5),0.010269994,0.0103549,0.000576933,18.379501,23045,0.039728403091430664
289,Importance Sampling (E[L*] = x),0.010269994,0.010291819,0.0002822026,37.57492,23045,0.043120384216308594
290,Crude MC,0.010269994,0.0109613575,0.0108416695,1,23446,0.24377751350402832
291,Control Variate (2Z),0.010269994,0.010150985,0.010048372,1.0789479,23446,0.08098840713500977
292,Control Variate (Z^2),0.010269994,0.009327021,0.00924224,1.1730565,23446,0.07492995262145996
293,Importance Sampling (E[L*] = 5),0.010269994,0.010451108,0.0005806422,18.67186,23446,0.03499412536621094
294,Importance Sampling (E[L*] = x),0.010269994,0.010298882,0.0002830492,38.303127,23446,0.04234170913696289
295,Crude MC,0.010269994,0.010148027,0.010045466,1,23847,0.30149197578430176
296,Control Variate (2Z),0.010269994,0.009435149,0.009346519,1.0747815,23847,0.08749032020568848
297,Control Variate (Z^2),0.010269994,0.009368788,0.009676367,1.0381444,23847,0.0723271369934082
298,Importance Sampling (E[L*] = 5),0.010269994,0.0105215525,0.00058654597,17.126476,23847,0.039217233657836914
299,Importance Sampling (E[L*] = x),0.010269994,0.010278136,0.0002792091,35.97829,23847,0.04120326042175293
300,Crude MC,0.010269994,0.010186407,0.010083061,1,24248,0.3075559139251709
301,Control Variate (2Z),0.010269994,0.010681293,0.010567638,0.95414513,24248,0.06882262229919434
302,Control Variate (Z^2),0.010269994,0.008331379,0.010230837,0.98555577,24248,0.06428742408752441
303,Importance Sampling (E[L*] = 5),0.010269994,0.010061512,0.00056813733,17.747576,24248,0.036873579025268555
304,Importance Sampling (E[L*] = x),0.010269994,0.010220995,0.00027604378,36.527035,24248,0.04594087600708008
305,Crude MC,0.010269994,0.010305095,0.010199316,1,24648,0.24572324752807617
306,Control Variate (2Z),0.010269994,0.010589094,0.010477389,0.97345966,24648,0.07411646842956543
307,Control Variate (Z^2),0.010269994,0.009942524,0.010195543,1.00037,24648,0.06991434097290039
308,Importance Sampling (E[L*] = 5),0.010269994,0.010429567,0.00058149185,17.539911,24648,0.03751516342163086
309,Importance Sampling (E[L*] = x),0.010269994,0.010485232,0.00028539315,35.737774,24648,0.03837442398071289
310,Crude MC,0.010269994,0.011018404,0.010897434,1,25049,0.31029653549194336
311,Control Variate (2Z),0.010269994,0.009740908,0.009646409,1.1296881,25049,0.08943986892700195
312,Control Variate (Z^2),0.010269994,0.008366913,0.009286421,1.1734805,25049,0.08427262306213379
313,Importance Sampling (E[L*] = 5),0.010269994,0.010158471,0.00056730834,19.209015,25049,0.04763460159301758
314,Importance Sampling (E[L*] = x),0.010269994,0.010214999,0.00028020167,38.891396,25049,0.04528069496154785
315,Crude MC,0.010269994,0.010451866,0.010343032,1,25450,0.2567582130432129
316,Control Variate (2Z),0.010269994,0.010451866,0.010343031,1.0000001,25450,0.08745574951171875
317,Control Variate (Z^2),0.010269994,0.008361661,0.0105256345,0.98265165,25450,0.07256412506103516
318,Importance Sampling (E[L*] = 5),0.010269994,0.010126186,0.0005690016,18.17751,25450,0.04036402702331543
319,Importance Sampling (E[L*] = x),0.010269994,0.010412478,0.00028396258,36.423927,25450,0.04225659370422363
320,Crude MC,0.010269994,0.010637886,0.010525129,1,25851,0.29537343978881836
321,Control Variate (2Z),0.010269994,0.009902905,0.009805216,1.0734214,25851,0.08957409858703613
322,Control Variate (Z^2),0.010269994,0.009433045,0.010321828,1.0196962,25851,0.06847453117370605
323,Importance Sampling (E[L*] = 5),0.010269994,0.010511786,0.0005892984,17.860441,25851,0.050695180892944336
324,Importance Sampling (E[L*] = x),0.010269994,0.0103536695,0.00028352265,37.122707,25851,0.0413057804107666
325,Crude MC,0.010269994,0.009218345,0.009133716,1,26252,0.2637910842895508
326,Control Variate (2Z),0.010269994,0.0108182235,0.010701596,0.85349107,26252,0.08287501335144043
327,Control Variate (Z^2),0.010269994,0.009450353,0.009605807,0.9508536,26252,0.08129429817199707
328,Importance Sampling (E[L*] = 5),0.010269994,0.010600393,0.00059288,15.405674,26252,0.04462718963623047
329,Importance Sampling (E[L*] = x),0.010269994,0.01017668,0.00027686622,32.989635,26252,0.046956777572631836
330,Crude MC,0.010269994,0.010955615,0.010835996,1,26653,0.25103068351745605
331,Control Variate (2Z),0.010269994,0.009004615,0.008923867,1.2142713,26653,0.07259440422058105
332,Control Variate (Z^2),0.010269994,0.009192961,0.010056332,1.0775297,26653,0.07150459289550781
333,Importance Sampling (E[L*] = 5),0.010269994,0.010356138,0.0005779395,18.749361,26653,0.04640316963195801
334,Importance Sampling (E[L*] = x),0.010269994,0.010259476,0.00027996692,38.70456,26653,0.04342150688171387
335,Crude MC,0.010269994,0.011052378,0.010930628,1,27053,0.23044109344482422
336,Control Variate (2Z),0.010269994,0.011385059,0.011255856,0.9711059,27053,0.08413338661193848
337,Control Variate (Z^2),0.010269994,0.009677914,0.009814741,1.1136949,27053,0.07841992378234863
338,Importance Sampling (E[L*] = 5),0.010269994,0.01009747,0.0005629927,19.41522,27053,0.03892683982849121
339,Importance Sampling (E[L*] = x),0.010269994,0.01026164,0.00028025714,39.002136,27053,0.04341578483581543
340,Crude MC,0.010269994,0.009725358,0.009631127,1,27454,0.265125036239624
341,Control Variate (2Z),0.010269994,0.009943906,0.009845383,0.97823787,27454,0.08873438835144043
342,Control Variate (Z^2),0.010269994,0.009567587,0.00959076,1.0042089,27454,0.07862138748168945
343,Importance Sampling (E[L*] = 5),0.010269994,0.010103553,0.0005652707,17.038078,27454,0.040821075439453125
344,Importance Sampling (E[L*] = x),0.010269994,0.010123697,0.00027573312,34.92916,27454,0.0448148250579834
345,Crude MC,0.010269994,0.009944354,0.009845817,1,27855,0.2555959224700928
346,Control Variate (2Z),0.010269994,0.011380362,0.011251253,0.8750863,27855,0.08219456672668457
347,Control Variate (Z^2),0.010269994,0.009623267,0.010278559,0.9578986,27855,0.08738350868225098
348,Importance Sampling (E[L*] = 5),0.010269994,0.010416443,0.0005787859,17.011156,27855,0.0406641960144043
349,Importance Sampling (E[L*] = x),0.010269994,0.010156298,0.00027441638,35.879116,27855,0.04675912857055664
350,Crude MC,0.010269994,0.010687995,0.010574136,1,28256,0.24467778205871582
351,Control Variate (2Z),0.010269994,0.011183465,0.011058788,0.95617497,28256,0.06413698196411133
352,Control Variate (Z^2),0.010269994,0.008894148,0.009263984,1.1414243,28256,0.07431840896606445
353,Importance Sampling (E[L*] = 5),0.010269994,0.010301587,0.0005745334,18.404736,28256,0.041707515716552734
354,Importance Sampling (E[L*] = x),0.010269994,0.010260339,0.0002815277,37.55984,28256,0.04267168045043945
355,Crude MC,0.010269994,0.009456677,0.009367575,1,28657,0.3191249370574951
356,Control Variate (2Z),0.010269994,0.010154587,0.010051821,0.9319281,28657,0.09487700462341309
357,Control Variate (Z^2),0.010269994,0.010166472,0.010806745,0.8668267,28657,0.07835125923156738
358,Importance Sampling (E[L*] = 5),0.010269994,0.010179722,0.0005707224,16.41354,28657,0.04732155799865723
359,Importance Sampling (E[L*] = x),0.010269994,0.010237619,0.0002790651,33.567703,28657,0.04339265823364258
360,Crude MC,0.010269994,0.011012837,0.010891929,1,29057,0.259474515914917
361,Control Variate (2Z),0.010269994,0.010324535,0.01021829,1.0659249,29057,0.07256841659545898
362,Control Variate (Z^2),0.010269994,0.008185111,0.010796775,1.0088131,29057,0.06462812423706055
363,Importance Sampling (E[L*] = 5),0.010269994,0.010011434,0.0005631716,19.34034,29057,0.04285407066345215
364,Importance Sampling (E[L*] = x),0.010269994,0.010320086,0.00028346357,38.424442,29057,0.04429364204406738
365,Crude MC,0.010269994,0.01048951,0.010379832,1,29458,0.23687076568603516
366,Control Variate (2Z),0.010269994,0.010183991,0.010080619,1.029682,29458,0.07189607620239258
367,Control Variate (Z^2),0.010269994,0.009030799,0.010559341,0.983,29458,0.07070231437683105
368,Importance Sampling (E[L*] = 5),0.010269994,0.010228747,0.00056680135,18.312998,29458,0.03813529014587402
369,Importance Sampling (E[L*] = x),0.010269994,0.010190036,0.0002789494,37.21045,29458,0.04432368278503418
370,Crude MC,0.010269994,0.010315147,0.010209087,1,29859,0.2385406494140625
371,Control Variate (2Z),0.010269994,0.010583073,0.010471424,0.97494733,29859,0.0802924633026123
372,Control Variate (Z^2),0.010269994,0.009509215,0.011351791,0.8993371,29859,0.08797740936279297
373,Importance Sampling (E[L*] = 5),0.010269994,0.0100792,0.0005616528,18.176865,29859,0.04547238349914551
374,Importance Sampling (E[L*] = x),0.010269994,0.010423085,0.0002858835,35.710655,29859,0.04391956329345703
375,Crude MC,0.010269994,0.010376735,0.010269398,1,30260,0.2552032470703125
376,Control Variate (2Z),0.010269994,0.010409782,0.010301759,0.9968587,30260,0.07474517822265625
377,Control Variate (Z^2),0.010269994,0.009216366,0.009763162,1.0518516,30260,0.07240056991577148
378,Importance Sampling (E[L*] = 5),0.010269994,0.010288835,0.000574766,17.867092,30260,0.039098262786865234
379,Importance Sampling (E[L*] = x),0.010269994,0.0104007395,0.0002836606,36.203117,30260,0.04446268081665039
380,Crude MC,0.010269994,0.01001272,0.009912788,1,30661,0.25937414169311523
381,Control Variate (2Z),0.010269994,0.010208408,0.010104526,0.98102456,30661,0.08122587203979492
382,Control Variate (Z^2),0.010269994,0.00976767,0.010486491,0.9452912,30661,0.07823395729064941
383,Importance Sampling (E[L*] = 5),0.010269994,0.010237394,0.0005729228,17.302135,30661,0.040390729904174805
384,Importance Sampling (E[L*] = x),0.010269994,0.010464886,0.00028574697,34.69079,30661,0.04304003715515137
385,Crude MC,0.010269994,0.010270113,0.010164966,1,31061,0.28482937812805176
386,Control Variate (2Z),0.010269994,0.009915971,0.009817963,1.0353438,31061,0.10152602195739746
387,Control Variate (Z^2),0.010269994,0.009441005,0.009908855,1.0258467,31061,0.09306764602661133
388,Importance Sampling (E[L*] = 5),0.010269994,0.010201503,0.00057458866,17.690857,31061,0.03726363182067871
389,Importance Sampling (E[L*] = x),0.010269994,0.01027945,0.00028145278,36.116062,31061,0.041858673095703125
390,Crude MC,0.010269994,0.010584196,0.010472504,1,31462,0.2947964668273926
391,Control Variate (2Z),0.010269994,0.010139215,0.01003673,1.0434179,31462,0.09394097328186035
392,Control Variate (Z^2),0.010269994,0.009284899,0.009393956,1.1148131,31462,0.0781087875366211
393,Importance Sampling (E[L*] = 5),0.010269994,0.010466314,0.0005774559,18.135592,31462,0.03737187385559082
394,Importance Sampling (E[L*] = x),0.010269994,0.010316015,0.00028311266,36.99059,31462,0.04344940185546875
395,Crude MC,0.010269994,0.010607915,0.010495718,1,31863,0.2331068515777588
396,Control Variate (2Z),0.010269994,0.0063298247,0.34443223,0.030472519,31863,0.08585715293884277
397,Control Variate (Z^2),0.010269994,0.009615846,0.010221262,1.0268514,31863,0.08024311065673828
398,Importance Sampling (E[L*] = 5),0.010269994,0.010176508,0.00057142734,18.367546,31863,0.05115818977355957
399,Importance Sampling (E[L*] = x),0.010269994,0.010259962,0.000280607,37.40362,31863,0.052346229553222656
400,Crude MC,0.010269994,0.010786016,0.010670008,1,32264,0.26923203468322754
401,Control Variate (2Z),0.010269994,0.011219936,0.011094394,0.9617477,32264,0.08145332336425781
402,Control Variate (Z^2),0.010269994,0.011101332,0.01161371,0.9187424,32264,0.08092617988586426
403,Importance Sampling (E[L*] = 5),0.010269994,0.010447198,0.0005819505,18.334908,32264,0.03930020332336426
404,Importance Sampling (E[L*] = x),0.010269994,0.010199043,0.00027987652,38.123985,32264,0.04309415817260742
405,Crude MC,0.010269994,0.010929129,0.010810015,1,32665,0.24749994277954102
406,Control Variate (2Z),0.010269994,0.009918873,0.00982079,1.1007276,32665,0.08282971382141113
407,Control Variate (Z^2),0.010269994,0.008903452,0.010296516,1.0498711,32665,0.08890914916992188
408,Importance Sampling (E[L*] = 5),0.010269994,0.01021799,0.0005687233,19.007511,32665,0.041463613510131836
409,Importance Sampling (E[L*] = x),0.010269994,0.010272808,0.0002812914,38.42995,32665,0.049567222595214844
410,Crude MC,0.010269994,0.009919855,0.009821747,1,33065,0.25920867919921875
411,Control Variate (2Z),0.010269994,0.010554967,0.010443876,0.9404313,33065,0.07383131980895996
412,Control Variate (Z^2),0.010269994,0.009889756,0.010344616,0.94945496,33065,0.08202171325683594
413,Importance Sampling (E[L*] = 5),0.010269994,0.010379772,0.0005808515,16.909222,33065,0.051119089126586914
414,Importance Sampling (E[L*] = x),0.010269994,0.010339187,0.00028092397,34.9623,33065,0.05398750305175781
415,Crude MC,0.010269994,0.010219327,0.010115194,1,33466,0.2758662700653076
416,Control Variate (2Z),0.010269994,0.010219327,0.010115193,1.0000001,33466,0.08222222328186035
417,Control Variate (Z^2),0.010269994,0.008902507,0.009541025,1.0601789,33466,0.0815739631652832
418,Importance Sampling (E[L*] = 5),0.010269994,0.010031656,0.0005607723,18.03797,33466,0.0363922119140625
419,Importance Sampling (E[L*] = x),0.010269994,0.010253516,0.00027865416,36.300175,33466,0.044753313064575195
420,Crude MC,0.010269994,0.010747925,0.010632722,1,33867,0.30103230476379395
421,Control Variate (2Z),0.010269994,0.009478253,0.009388694,1.1325028,33867,0.08126974105834961
422,Control Variate (Z^2),0.010269994,0.010022965,0.010111641,1.0515327,33867,0.0951395034790039
423,Importance Sampling (E[L*] = 5),0.010269994,0.010281414,0.00057395577,18.525333,33867,0.04571700096130371
424,Importance Sampling (E[L*] = x),0.010269994,0.010337738,0.00028241132,37.649773,33867,0.049835205078125
425,Crude MC,0.010269994,0.010271974,0.010166758,1,34268,0.27770185470581055
426,Control Variate (2Z),0.010269994,0.010563791,0.010452502,0.97266257,34268,0.09455204010009766
427,Control Variate (Z^2),0.010269994,0.008959123,0.011212479,0.9067359,34268,0.07923364639282227
428,Importance Sampling (E[L*] = 5),0.010269994,0.010090595,0.00056276645,18.065678,34268,0.04015040397644043
429,Importance Sampling (E[L*] = x),0.010269994,0.01024198,0.00027802686,36.56754,34268,0.04731297492980957
430,Crude MC,0.010269994,0.01041276,0.010304633,1,34669,0.2671184539794922
431,Control Variate (2Z),0.010269994,0.009460902,0.009371663,1.0995522,34669,0.0749058723449707
432,Control Variate (Z^2),0.010269994,0.010070386,0.01003753,1.0266104,34669,0.0929713249206543
433,Importance Sampling (E[L*] = 5),0.010269994,0.010418091,0.00058052124,17.750656,34669,0.04187345504760742
434,Importance Sampling (E[L*] = x),0.010269994,0.0101846,0.0002793585,36.88677,34669,0.05160093307495117
435,Crude MC,0.010269994,0.008526049,0.008453597,1,35069,0.28604984283447266
436,Control Variate (2Z),0.010269994,0.009181898,0.00909785,0.9291863,35069,0.08674216270446777
437,Control Variate (Z^2),0.010269994,0.009222592,0.009910638,0.8529821,35069,0.08402681350708008
438,Importance Sampling (E[L*] = 5),0.010269994,0.010172033,0.0005652588,14.955269,35069,0.15148091316223145
439,Importance Sampling (E[L*] = x),0.010269994,0.010050836,0.00027195428,31.084627,35069,0.04874539375305176
440,Crude MC,0.010269994,0.010008458,0.009908569,1,35470,0.2395181655883789
441,Control Variate (2Z),0.010269994,0.010515929,0.010405637,0.9522309,35470,0.08206725120544434
442,Control Variate (Z^2),0.010269994,0.010303049,0.010982463,0.9022174,35470,0.07015776634216309
443,Importance Sampling (E[L*] = 5),0.010269994,0.010202836,0.0005708279,17.358242,35470,0.04236960411071777
444,Importance Sampling (E[L*] = x),0.010269994,0.010297486,0.0002841052,34.87641,35470,0.04346060752868652
445,Crude MC,0.010269994,0.010649271,0.010536158,1,35871,0.2539365291595459
446,Control Variate (2Z),0.010269994,0.011067436,0.010945253,0.96262354,35871,0.0739283561706543
447,Control Variate (Z^2),0.010269994,0.008869768,0.009909416,1.0632472,35871,0.073150634765625
448,Importance Sampling (E[L*] = 5),0.010269994,0.010242485,0.0005744671,18.340752,35871,0.03782486915588379
449,Importance Sampling (E[L*] = x),0.010269994,0.010230093,0.0002775836,37.956703,35871,0.05141615867614746
450,Crude MC,0.010269994,0.010062858,0.009961872,1,36272,0.27657103538513184
451,Control Variate (2Z),0.010269994,0.010117997,0.010015901,0.9946057,36272,0.06857562065124512
452,Control Variate (Z^2),0.010269994,0.009494124,0.009703046,1.0266747,36272,0.06618738174438477
453,Importance Sampling (E[L*] = 5),0.010269994,0.010234863,0.00056636764,17.589056,36272,0.04042315483093262
454,Importance Sampling (E[L*] = x),0.010269994,0.01035469,0.0002828007,35.22577,36272,0.044754981994628906
455,Crude MC,0.010269994,0.009598342,0.009506473,1,36673,0.2549269199371338
456,Control Variate (2Z),0.010269994,0.009952826,0.009854037,0.9647288,36673,0.08210253715515137
457,Control Variate (Z^2),0.010269994,0.009838004,0.010737886,0.8853208,36673,0.07398700714111328
458,Importance Sampling (E[L*] = 5),0.010269994,0.010207802,0.0005725671,16.603247,36673,0.0391993522644043
459,Importance Sampling (E[L*] = x),0.010269994,0.0102918595,0.00028320518,33.56744,36673,0.04673647880554199
460,Crude MC,0.010269994,0.010330969,0.010224516,1,37073,0.29176783561706543
461,Control Variate (2Z),0.010269994,0.011436895,0.011306398,0.9043124,37073,0.09324216842651367
462,Control Variate (Z^2),0.010269994,0.008865944,0.009580139,1.0672617,37073,0.08924102783203125
463,Importance Sampling (E[L*] = 5),0.010269994,0.010194342,0.00056943955,17.9554,37073,0.044748544692993164
464,Importance Sampling (E[L*] = x),0.010269994,0.010318741,0.00028194673,36.263996,37073,0.05161285400390625
465,Crude MC,0.010269994,0.010167049,0.010063948,1,37474,0.2707712650299072
466,Control Variate (2Z),0.010269994,0.010754122,0.010638756,0.9459704,37474,0.0794374942779541
467,Control Variate (Z^2),0.010269994,0.009072372,0.011606523,0.86709416,37474,0.07984638214111328
468,Importance Sampling (E[L*] = 5),0.010269994,0.010250712,0.000575295,17.493544,37474,0.05060100555419922
469,Importance Sampling (E[L*] = x),0.010269994,0.010264406,0.00028128174,35.77889,37474,0.04590177536010742
470,Crude MC,0.010269994,0.0105874585,0.010475642,1,37875,0.27500295639038086
471,Control Variate (2Z),0.010269994,0.01140594,0.011276145,0.9290092,37875,0.08533215522766113
472,Control Variate (Z^2),0.010269994,0.009231279,0.00947213,1.1059437,37875,0.09239912033081055
473,Importance Sampling (E[L*] = 5),0.010269994,0.010158582,0.00056559715,18.521383,37875,0.047495365142822266
474,Importance Sampling (E[L*] = x),0.010269994,0.010249025,0.00027894918,37.553944,37875,0.05118513107299805
475,Crude MC,0.010269994,0.010372034,0.0102647245,1,38276,0.29010581970214844
476,Control Variate (2Z),0.010269994,0.010241404,0.010136783,1.0126215,38276,0.0904393196105957
477,Control Variate (Z^2),0.010269994,0.0094708465,0.010477046,0.97973466,38276,0.07935166358947754
478,Importance Sampling (E[L*] = 5),0.010269994,0.010169474,0.0005688077,18.046036,38276,0.049880266189575195
479,Importance Sampling (E[L*] = x),0.010269994,0.01026022,0.00027814062,36.9048,38276,0.0454401969909668
480,Crude MC,0.010269994,0.010057657,0.0099567585,1,38677,0.28537607192993164
481,Control Variate (2Z),0.010269994,0.010910877,0.010792108,0.9225962,38677,0.08965897560119629
482,Control Variate (Z^2),0.010269994,0.0099322125,0.01055002,0.9437668,38677,0.07267117500305176
483,Importance Sampling (E[L*] = 5),0.010269994,0.010357455,0.00057481404,17.321703,38677,0.04415416717529297
484,Importance Sampling (E[L*] = x),0.010269994,0.010203546,0.00027927966,35.65157,38677,0.04440951347351074
485,Crude MC,0.010269994,0.00918699,0.009102822,1,39077,0.3047187328338623
486,Control Variate (2Z),0.010269994,0.010364153,0.010256999,0.88747424,39077,0.07776951789855957
487,Control Variate (Z^2),0.010269994,0.008844711,0.0113868555,0.79941493,39077,0.10924291610717773
488,Importance Sampling (E[L*] = 5),0.010269994,0.010215272,0.000563616,16.150753,39077,0.04029440879821777
489,Importance Sampling (E[L*] = x),0.010269994,0.010119393,0.00027502503,33.09816,39077,0.045241355895996094
490,Crude MC,0.010269994,0.010106895,0.010004999,1,39478,0.2760293483734131
491,Control Variate (2Z),0.010269994,0.010512184,0.010401943,0.9618395,39478,0.08413887023925781
492,Control Variate (Z^2),0.010269994,0.009661908,0.010306201,0.9707747,39478,0.09681105613708496
493,Importance Sampling (E[L*] = 5),0.010269994,0.010266217,0.0005728562,17.465115,39478,0.04606890678405762
494,Importance Sampling (E[L*] = x),0.010269994,0.010155352,0.00027743806,36.0621,39478,0.04592466354370117
495,Crude MC,0.010269994,0.010130646,0.010028267,1,39879,0.2586400508880615
496,Control Variate (2Z),0.010269994,0.010582011,0.010470293,0.9577828,39879,0.10163378715515137
497,Control Variate (Z^2),0.010269994,0.009120625,0.0105871875,0.94720787,39879,0.08300590515136719
498,Importance Sampling (E[L*] = 5),0.010269994,0.010239887,0.0005728695,17.505325,39879,0.04172682762145996
499,Importance Sampling (E[L*] = x),0.010269994,0.010416633,0.00028521795,35.160015,39879,0.039260149002075195
500,Crude MC,0.010269994,0.010203575,0.010099713,1,40280,0.2553832530975342
501,Control Variate (2Z),0.010269994,0.010799404,0.010683043,0.9453966,40280,0.07313251495361328
502,Control Variate (Z^2),0.010269994,0.010212971,0.010669407,0.94660485,40280,0.07248520851135254
503,Importance Sampling (E[L*] = 5),0.010269994,0.010450165,0.00058164145,17.364157,40280,0.03999590873718262
504,Importance Sampling (E[L*] = x),0.010269994,0.010314216,0.00028235756,35.76923,40280,0.04300808906555176
505,Crude MC,0.010269994,0.010053834,0.009952999,1,40681,0.26693034172058105
506,Control Variate (2Z),0.010269994,0.01064379,0.01053076,0.9451359,40681,0.08611702919006348
507,Control Variate (Z^2),0.010269994,0.008338067,0.009166023,1.085858,40681,0.08249115943908691
508,Importance Sampling (E[L*] = 5),0.010269994,0.01051393,0.0005851998,17.007864,40681,0.053386688232421875
509,Importance Sampling (E[L*] = x),0.010269994,0.01035424,0.0002822163,35.267273,40681,0.05284738540649414
510,Crude MC,0.010269994,0.0101750195,0.010071735,1,41081,0.25818943977355957
511,Control Variate (2Z),0.010269994,0.009785545,0.009690026,1.039392,41081,0.07531476020812988
512,Control Variate (Z^2),0.010269994,0.00992824,0.011178005,0.90103155,41081,0.08763813972473145
513,Importance Sampling (E[L*] = 5),0.010269994,0.01020451,0.0005653278,17.815742,41081,0.04120445251464844
514,Importance Sampling (E[L*] = x),0.010269994,0.010147127,0.0002781393,36.211117,41081,0.04339456558227539
515,Crude MC,0.010269994,0.009739163,0.009644544,1,41482,0.26882314682006836
516,Control Variate (2Z),0.010269994,0.0105105825,0.010400361,0.92732775,41482,0.07918262481689453
517,Control Variate (Z^2),0.010269994,0.008793303,0.009566043,1.0082062,41482,0.08502769470214844
518,Importance Sampling (E[L*] = 5),0.010269994,0.010309775,0.0005766352,16.725555,41482,0.04811668395996094
519,Importance Sampling (E[L*] = x),0.010269994,0.010108837,0.00027258118,35.382282,41482,0.049047231674194336
520,Crude MC,0.010269994,0.010481579,0.0103719635,1,41883,0.2802700996398926
521,Control Variate (2Z),0.010269994,0.010242819,0.010138146,1.0230632,41883,0.10806918144226074
522,Control Variate (Z^2),0.010269994,0.01019864,0.011067317,0.93717057,41883,0.10000252723693848
523,Importance Sampling (E[L*] = 5),0.010269994,0.010128318,0.00056403654,18.388815,41883,0.05806851387023926
524,Importance Sampling (E[L*] = x),0.010269994,0.010207289,0.00027703692,37.438923,41883,0.05746126174926758
525,Crude MC,0.010269994,0.009790937,0.009695304,1,42284,0.2782557010650635
526,Control Variate (2Z),0.010269994,0.010145682,0.010042985,0.96538067,42284,0.07651662826538086
527,Control Variate (Z^2),0.010269994,0.009014315,0.00934189,1.0378311,42284,0.09044194221496582
528,Importance Sampling (E[L*] = 5),0.010269994,0.010309516,0.00057175907,16.956974,42284,0.040270090103149414
529,Importance Sampling (E[L*] = x),0.010269994,0.0102812825,0.00028213684,34.363834,42284,0.05156421661376953
530,Crude MC,0.010269994,0.010940611,0.010821168,1,42685,0.28734636306762695
531,Control Variate (2Z),0.010269994,0.010542345,0.010431451,1.0373598,42685,0.07936692237854004
532,Control Variate (Z^2),0.010269994,0.008339202,0.009357955,1.1563604,42685,0.07035660743713379
533,Importance Sampling (E[L*] = 5),0.010269994,0.010408783,0.0005836453,18.540659,42685,0.047716617584228516
534,Importance Sampling (E[L*] = x),0.010269994,0.010257704,0.0002794588,38.721874,42685,0.04650735855102539
535,Crude MC,0.010269994,0.0105141,0.010403797,1,43085,0.28834056854248047
536,Control Variate (2Z),0.010269994,0.010189161,0.010085575,1.0315522,43085,0.0889749526977539
537,Control Variate (Z^2),0.010269994,0.0092252195,0.009687047,1.0739905,43085,0.07953262329101562
538,Importance Sampling (E[L*] = 5),0.010269994,0.010131353,0.00056644564,18.366806,43085,0.04741311073303223
539,Importance Sampling (E[L*] = x),0.010269994,0.010244546,0.0002794751,37.226204,43085,0.05007338523864746
540,Crude MC,0.010269994,0.009474313,0.009384766,1,43486,0.2732279300689697
541,Control Variate (2Z),0.010269994,0.009980223,0.009880845,0.9497939,43486,0.07267427444458008
542,Control Variate (Z^2),0.010269994,0.01009923,0.010245178,0.9160179,43486,0.07028722763061523
543,Importance Sampling (E[L*] = 5),0.010269994,0.010095811,0.0005630269,16.668417,43486,0.044988393783569336
544,Importance Sampling (E[L*] = x),0.010269994,0.0102409255,0.0002821184,33.265347,43486,0.05113983154296875
545,Crude MC,0.010269994,0.009775104,0.009679772,1,43887,0.2648944854736328
546,Control Variate (2Z),0.010269994,0.010800465,0.010684057,0.9060015,43887,0.0840158462524414
547,Control Variate (Z^2),0.010269994,0.008179207,0.009768147,0.99095273,43887,0.09149599075317383
548,Importance Sampling (E[L*] = 5),0.010269994,0.010350056,0.0005764865,16.790977,43887,0.04921388626098633
549,Importance Sampling (E[L*] = x),0.010269994,0.0102864485,0.00028244086,34.271854,43887,0.045905113220214844
550,Crude MC,0.010269994,0.010522038,0.010411559,1,44288,0.2444608211517334
551,Control Variate (2Z),0.010269994,0.011154262,0.011030095,0.9439229,44288,0.07616233825683594
552,Control Variate (Z^2),0.010269994,0.009597219,0.010766712,0.9670138,44288,0.07051658630371094
553,Importance Sampling (E[L*] = 5),0.010269994,0.010205347,0.00056741457,18.349121,44288,0.036244869232177734
554,Importance Sampling (E[L*] = x),0.010269994,0.010208517,0.0002790958,37.304604,44288,0.04155683517456055
555,Crude MC,0.010269994,0.010696145,0.010581973,1,44689,0.28745532035827637
556,Control Variate (2Z),0.010269994,0.009980084,0.009880704,1.0709736,44689,0.08948731422424316
557,Control Variate (Z^2),0.010269994,0.009085886,0.009367711,1.1296221,44689,0.07448029518127441
558,Importance Sampling (E[L*] = 5),0.010269994,0.010170167,0.0005662509,18.687782,44689,0.04158806800842285
559,Importance Sampling (E[L*] = x),0.010269994,0.010296442,0.000280606,37.711143,44689,0.048267364501953125
560,Crude MC,0.010269994,0.010357293,0.010250247,1,45089,0.3085651397705078
561,Control Variate (2Z),0.010269994,0.009980261,0.009880874,1.0373826,45089,0.10442638397216797
562,Control Variate (Z^2),0.010269994,0.008454132,0.00961753,1.0657879,45089,0.08253645896911621
563,Importance Sampling (E[L*] = 5),0.010269994,0.010291543,0.0005728921,17.892109,45089,0.05951428413391113
564,Importance Sampling (E[L*] = x),0.010269994,0.010284545,0.00028126762,36.44304,45089,0.05499744415283203
565,Crude MC,0.010269994,0.010222026,0.01011776,1,45490,0.2662506103515625
566,Control Variate (2Z),0.010269994,0.010024181,0.009923916,1.0195329,45490,0.07690978050231934
567,Control Variate (Z^2),0.010269994,0.008761381,0.0092380475,1.0952271,45490,0.0735783576965332
568,Importance Sampling (E[L*] = 5),0.010269994,0.010277529,0.0005741618,17.621792,45490,0.045641183853149414
569,Importance Sampling (E[L*] = x),0.010269994,0.010321846,0.00028043982,36.078186,45490,0.052701711654663086
570,Crude MC,0.010269994,0.010154497,0.010051602,1,45891,0.27124810218811035
571,Control Variate (2Z),0.010269994,0.010350614,0.010243701,0.98124707,45891,0.08528542518615723
572,Control Variate (Z^2),0.010269994,0.009660881,0.010579359,0.9501144,45891,0.07923269271850586
573,Importance Sampling (E[L*] = 5),0.010269994,0.01048878,0.0005881631,17.08982,45891,0.03762340545654297
574,Importance Sampling (E[L*] = x),0.010269994,0.010235892,0.0002786791,36.06873,45891,0.04260826110839844
575,Crude MC,0.010269994,0.010001728,0.009901907,1,46292,0.2957115173339844
576,Control Variate (2Z),0.010269994,0.010433769,0.010325126,0.9590108,46292,0.08382558822631836
577,Control Variate (Z^2),0.010269994,0.009835587,0.010587002,0.9352891,46292,0.09366917610168457
578,Importance Sampling (E[L*] = 5),0.010269994,0.010221346,0.00056949345,17.387218,46292,0.051093339920043945
579,Importance Sampling (E[L*] = x),0.010269994,0.010294964,0.00028063334,35.284145,46292,0.04561352729797363
580,Crude MC,0.010269994,0.009658836,0.009565747,1,46693,0.2686178684234619
581,Control Variate (2Z),0.010269994,0.010943824,0.010824288,0.88372993,46693,0.0822763442993164
582,Control Variate (Z^2),0.010269994,0.00974326,0.010911032,0.8767042,46693,0.07342529296875
583,Importance Sampling (E[L*] = 5),0.010269994,0.0101876715,0.0005720393,16.722187,46693,0.04741787910461426
584,Importance Sampling (E[L*] = x),0.010269994,0.010215442,0.00027999817,34.163605,46693,0.04791617393493652
585,Crude MC,0.010269994,0.010511116,0.010400855,1,47093,0.2955782413482666
586,Control Variate (2Z),0.010269994,0.010808401,0.010691807,0.97278744,47093,0.09318828582763672
587,Control Variate (Z^2),0.010269994,0.0090270685,0.009942724,1.046077,47093,0.08428311347961426
588,Importance Sampling (E[L*] = 5),0.010269994,0.010177766,0.0005624737,18.491272,47093,0.05052661895751953
589,Importance Sampling (E[L*] = x),0.010269994,0.010443379,0.00028500537,36.49354,47093,0.05306506156921387
590,Crude MC,0.010269994,0.010043374,0.009942713,1,47494,0.24461650848388672
591,Control Variate (2Z),0.010269994,0.010401314,0.010293342,0.96593636,47494,0.08575916290283203
592,Control Variate (Z^2),0.010269994,0.009582439,0.0097789895,1.0167423,47494,0.08457469940185547
593,Importance Sampling (E[L*] = 5),0.010269994,0.010333997,0.000576177,17.256353,47494,0.04097437858581543
594,Importance Sampling (E[L*] = x),0.010269994,0.0102601275,0.00027778003,35.793476,47494,0.04370284080505371
595,Crude MC,0.010269994,0.010439503,0.010330736,1,47895,0.26772046089172363
596,Control Variate (2Z),0.010269994,0.011107631,0.010984482,0.9404845,47895,0.09484314918518066
597,Control Variate (Z^2),0.010269994,0.008897808,0.00970093,1.0649222,47895,0.07393574714660645
598,Importance Sampling (E[L*] = 5),0.010269994,0.010100153,0.0005650809,18.28187,47895,0.04561281204223633
599,Importance Sampling (E[L*] = x),0.010269994,0.010168309,0.0002754627,37.503212,47895,0.04871058464050293
600,Crude MC,0.010269994,0.010725526,0.01061071,1,48296,0.27216339111328125
601,Control Variate (2Z),0.010269994,0.009503893,0.009413763,1.1271486,48296,0.08130931854248047
602,Control Variate (Z^2),0.010269994,0.009939532,0.010858481,0.9771818,48296,0.06914234161376953
603,Importance Sampling (E[L*] = 5),0.010269994,0.010329664,0.00057384785,18.49046,48296,0.035552978515625
604,Importance Sampling (E[L*] = x),0.010269994,0.010096998,0.00027548458,38.51653,48296,0.045726776123046875
605,Crude MC,0.010269994,0.010288108,0.010182472,1,48697,0.2734832763671875
606,Control Variate (2Z),0.010269994,0.010411319,0.010303136,0.98828864,48697,0.07569694519042969
607,Control Variate (Z^2),0.010269994,0.009128725,0.009503292,1.0714679,48697,0.07270956039428711
608,Importance Sampling (E[L*] = 5),0.010269994,0.01006247,0.0005663378,17.979504,48697,0.03516840934753418
609,Importance Sampling (E[L*] = x),0.010269994,0.010161734,0.000277772,36.65766,48697,0.03883242607116699
610,Crude MC,0.010269994,0.011019003,0.010897806,1,49097,0.2580127716064453
611,Control Variate (2Z),0.010269994,0.009939508,0.009840913,1.1073978,49097,0.08223891258239746
612,Control Variate (Z^2),0.010269994,0.009592213,0.009837905,1.1077365,49097,0.07681584358215332
613,Importance Sampling (E[L*] = 5),0.010269994,0.010432001,0.0005759416,18.92172,49097,0.0404820442199707
614,Importance Sampling (E[L*] = x),0.010269994,0.010263782,0.0002785439,39.124195,49097,0.05034518241882324
615,Crude MC,0.010269994,0.0104448665,0.010335979,1,49498,0.3058464527130127
616,Control Variate (2Z),0.010269994,0.01074791,0.010632606,0.9721021,49498,0.09425568580627441
617,Control Variate (Z^2),0.010269994,0.0104351565,0.011050587,0.9353331,49498,0.07401680946350098
618,Importance Sampling (E[L*] = 5),0.010269994,0.010427021,0.00057875237,17.85907,49498,0.05046677589416504
619,Importance Sampling (E[L*] = x),0.010269994,0.010210249,0.00027779018,37.207863,49498,0.05277752876281738
620,Crude MC,0.010269994,0.010300808,0.010194905,1,49899,0.26981449127197266
621,Control Variate (2Z),0.010269994,0.008384877,0.09583509,0.106379665,49899,0.08330035209655762
622,Control Variate (Z^2),0.010269994,0.009180082,0.010449848,0.97560316,49899,0.09208464622497559
623,Importance Sampling (E[L*] = 5),0.010269994,0.010180007,0.00056221214,18.133556,49899,0.04820752143859863
624,Importance Sampling (E[L*] = x),0.010269994,0.010268911,0.0002803706,36.362247,49899,0.052392005920410156
625,Crude MC,0.010269994,0.010656063,0.0105427215,1,50300,0.2961735725402832
626,Control Variate (2Z),0.010269994,0.0101391645,0.010036562,1.0504316,50300,0.09081101417541504
627,Control Variate (Z^2),0.010269994,0.009056696,0.009904756,1.06441,50300,0.07411766052246094
628,Importance Sampling (E[L*] = 5),0.010269994,0.010399159,0.00057820557,18.233519,50300,0.03994417190551758
629,Importance Sampling (E[L*] = x),0.010269994,0.010222915,0.0002785794,37.844585,50300,0.0497279167175293
630,Crude MC,0.010269994,0.010571783,0.010460227,1,50701,0.28963303565979004
631,Control Variate (2Z),0.010269994,0.010335102,0.0102284895,1.0226561,50701,0.07732462882995605
632,Control Variate (Z^2),0.010269994,0.008523503,0.009084347,1.1514561,50701,0.09010696411132812
633,Importance Sampling (E[L*] = 5),0.010269994,0.010258943,0.00057228905,18.277874,50701,0.04848814010620117
634,Importance Sampling (E[L*] = x),0.010269994,0.010324412,0.00028047452,37.29475,50701,0.05367588996887207
635,Crude MC,0.010269994,0.010371414,0.01026405,1,51102,0.2978839874267578
636,Control Variate (2Z),0.010269994,0.00952996,0.009439325,1.0873712,51102,0.0998687744140625
637,Control Variate (Z^2),0.010269994,0.009580758,0.010245022,1.0018573,51102,0.08929944038391113
638,Importance Sampling (E[L*] = 5),0.010269994,0.010355094,0.0005806197,17.677752,51102,0.0507817268371582
639,Importance Sampling (E[L*] = x),0.010269994,0.010176107,0.00027744172,36.99534,51102,0.05602598190307617
640,Crude MC,0.010269994,0.0106791975,0.010565357,1,51502,0.2613072395324707
641,Control Variate (2Z),0.010269994,0.010562697,0.010451329,1.0109104,51502,0.07840180397033691
642,Control Variate (Z^2),0.010269994,0.009590437,0.010054544,1.0508043,51502,0.08241534233093262
643,Importance Sampling (E[L*] = 5),0.010269994,0.010285152,0.00057298754,18.43907,51502,0.05085897445678711
644,Importance Sampling (E[L*] = x),0.010269994,0.010207974,0.00027816618,37.982178,51502,0.054296255111694336
645,Crude MC,0.010269994,0.01071229,0.010597741,1,51903,0.26715636253356934
646,Control Variate (2Z),0.010269994,0.009517754,0.009427348,1.1241487,51903,0.08148884773254395
647,Control Variate (Z^2),0.010269994,0.00944262,0.009459382,1.1203418,51903,0.07872557640075684
648,Importance Sampling (E[L*] = 5),0.010269994,0.010310384,0.0005755353,18.413712,51903,0.04869818687438965
649,Importance Sampling (E[L*] = x),0.010269994,0.010278027,0.0002816625,37.62567,51903,0.04329395294189453
650,Crude MC,0.010269994,0.009597736,0.009505801,1,52304,0.2688896656036377
651,Control Variate (2Z),0.010269994,0.010591924,0.010479935,0.9070476,52304,0.07574224472045898
652,Control Variate (Z^2),0.010269994,0.009785689,0.010973763,0.86622983,52304,0.07313966751098633
653,Importance Sampling (E[L*] = 5),0.010269994,0.010097986,0.0005594907,16.990097,52304,0.03691363334655762
654,Importance Sampling (E[L*] = x),0.010269994,0.0101609,0.0002797492,33.979725,52304,0.036505937576293945
655,Crude MC,0.010269994,0.010492363,0.01038247,1,52705,0.2679860591888428
656,Control Variate (2Z),0.010269994,0.009904183,0.009806276,1.0587577,52705,0.09959959983825684
657,Control Variate (Z^2),0.010269994,0.009564129,0.01007095,1.0309325,52705,0.08767390251159668
658,Importance Sampling (E[L*] = 5),0.010269994,0.010324192,0.00057412026,18.084137,52705,0.052457571029663086
659,Importance Sampling (E[L*] = x),0.010269994,0.010238012,0.0002792255,37.1831,52705,0.058455467224121094
660,Crude MC,0.010269994,0.011204007,0.0110786855,1,53106,0.2364187240600586
661,Control Variate (2Z),0.010269994,0.011298158,0.01117072,0.99176115,53106,0.08206033706665039
662,Control Variate (Z^2),0.010269994,0.009921696,0.010031633,1.1043751,53106,0.09555435180664062
663,Importance Sampling (E[L*] = 5),0.010269994,0.010364054,0.00057828013,19.157991,53106,0.04921913146972656
664,Importance Sampling (E[L*] = x),0.010269994,0.010300305,0.0002814544,39.362274,53106,0.04550027847290039
665,Crude MC,0.010269994,0.010036257,0.009935718,1,53506,0.2901651859283447
666,Control Variate (2Z),0.010269994,0.009718536,0.009624267,1.032361,53506,0.09103012084960938
667,Control Variate (Z^2),0.010269994,0.009639071,0.010426188,0.95295787,53506,0.08925199508666992
668,Importance Sampling (E[L*] = 5),0.010269994,0.010303504,0.0005759624,17.250635,53506,0.04928469657897949
669,Importance Sampling (E[L*] = x),0.010269994,0.010263333,0.00028081628,35.38156,53506,0.04829668998718262
670,Crude MC,0.010269994,0.009813197,0.009717079,1,53907,0.22811222076416016
671,Control Variate (2Z),0.010269994,0.010072904,0.009971624,0.974473,53907,0.08596253395080566
672,Control Variate (Z^2),0.010269994,0.009390964,0.010107408,0.96138185,53907,0.07510566711425781
673,Importance Sampling (E[L*] = 5),0.010269994,0.010275239,0.0005720864,16.985334,53907,0.04856419563293457
674,Importance Sampling (E[L*] = x),0.010269994,0.0102468,0.00028014075,34.686417,53907,0.05479836463928223
675,Crude MC,0.010269994,0.0098880455,0.009790452,1,54308,0.417496919631958
676,Control Variate (2Z),0.010269994,0.010403624,0.010295577,0.9509376,54308,0.07843637466430664
677,Control Variate (Z^2),0.010269994,0.009584886,0.010316771,0.9489841,54308,0.07215499877929688
678,Importance Sampling (E[L*] = 5),0.010269994,0.01029255,0.000576345,16.987137,54308,0.05011153221130371
679,Importance Sampling (E[L*] = x),0.010269994,0.010134329,0.00027638325,35.423466,54308,0.05037283897399902
680,Crude MC,0.010269994,0.010912281,0.0107934,1,54709,0.28632330894470215
681,Control Variate (2Z),0.010269994,0.01080261,0.01068611,1.0100402,54709,0.09277606010437012
682,Control Variate (Z^2),0.010269994,0.009375703,0.009845527,1.0962745,54709,0.09279251098632812
683,Importance Sampling (E[L*] = 5),0.010269994,0.010338823,0.0005797224,18.618221,54709,0.05344796180725098
684,Importance Sampling (E[L*] = x),0.010269994,0.010230919,0.0002812901,38.371063,54709,0.053227901458740234
685,Crude MC,0.010269994,0.009961895,0.009862834,1,55110,0.30469226837158203
686,Control Variate (2Z),0.010269994,0.00945382,0.009364613,1.0532024,55110,0.0975797176361084
687,Control Variate (Z^2),0.010269994,0.008494657,0.009106423,1.0830635,55110,0.07196855545043945
688,Importance Sampling (E[L*] = 5),0.010269994,0.010245442,0.0005707391,17.28081,55110,0.0491633415222168
689,Importance Sampling (E[L*] = x),0.010269994,0.010466459,0.00028569496,34.522255,55110,0.052455902099609375
690,Crude MC,0.010269994,0.00989011,0.009792471,1,55510,0.22530531883239746
691,Control Variate (2Z),0.010269994,0.009980184,0.009880757,0.9910649,55510,0.08622241020202637
692,Control Variate (Z^2),0.010269994,0.00945341,0.010686449,0.91634476,55510,0.08480572700500488
693,Importance Sampling (E[L*] = 5),0.010269994,0.010255329,0.0005768342,16.976233,55510,0.053276777267456055
694,Importance Sampling (E[L*] = x),0.010269994,0.010290192,0.0002794918,35.036705,55510,0.054856300354003906
695,Crude MC,0.010269994,0.009640321,0.009547556,1,55911,0.28704142570495605
696,Control Variate (2Z),0.010269994,0.010874425,0.010756364,0.88761926,55911,0.08469820022583008
697,Control Variate (Z^2),0.010269994,0.0091069285,0.009665058,0.98784256,55911,0.09119367599487305
698,Importance Sampling (E[L*] = 5),0.010269994,0.010197094,0.0005635675,16.941282,55911,0.043712615966796875
699,Importance Sampling (E[L*] = x),0.010269994,0.010324435,0.00028252785,33.793327,55911,0.04558539390563965
700,Crude MC,0.010269994,0.010228725,0.010124277,1,56312,0.29737257957458496
701,Control Variate (2Z),0.010269994,0.009944594,0.009845872,1.0282763,56312,0.0925452709197998
702,Control Variate (Z^2),0.010269994,0.009098103,0.010097988,1.0026034,56312,0.07719922065734863
703,Importance Sampling (E[L*] = 5),0.010269994,0.010250074,0.0005725431,17.682995,56312,0.04150032997131348
704,Importance Sampling (E[L*] = x),0.010269994,0.010291801,0.00028283693,35.795456,56312,0.04620099067687988
705,Crude MC,0.010269994,0.010597217,0.010485101,1,56713,0.27931857109069824
706,Control Variate (2Z),0.010269994,0.0118844,0.0117433695,0.89285284,56713,0.08048892021179199
707,Control Variate (Z^2),0.010269994,0.010276226,0.011039795,0.94975495,56713,0.08658385276794434
708,Importance Sampling (E[L*] = 5),0.010269994,0.010192312,0.00056687987,18.49616,56713,0.04290318489074707
709,Importance Sampling (E[L*] = x),0.010269994,0.010299742,0.00028232654,37.138203,56713,0.04926609992980957
710,Crude MC,0.010269994,0.010085093,0.009983557,1,57114,0.28530359268188477
711,Control Variate (2Z),0.010269994,0.009927514,0.00982913,1.0157112,57114,0.07469797134399414
712,Control Variate (Z^2),0.010269994,0.009993245,0.0104696,0.95357585,57114,0.08566641807556152
713,Importance Sampling (E[L*] = 5),0.010269994,0.010334584,0.0005772879,17.293896,57114,0.058270931243896484
714,Importance Sampling (E[L*] = x),0.010269994,0.010385794,0.0002841057,35.14029,57114,0.05395174026489258
715,Crude MC,0.010269994,0.01091908,0.010800042,1,57514,0.2756826877593994
716,Control Variate (2Z),0.010269994,0.010866919,0.010749016,1.004747,57514,0.09115934371948242
717,Control Variate (Z^2),0.010269994,0.008854285,0.009924026,1.0882722,57514,0.07745814323425293
718,Importance Sampling (E[L*] = 5),0.010269994,0.0101498,0.0005634944,19.166193,57514,0.04529118537902832
719,Importance Sampling (E[L*] = x),0.010269994,0.010222402,0.00027999977,38.57161,57514,0.04195904731750488
720,Crude MC,0.010269994,0.009911077,0.009813016,1,57915,0.2763991355895996
721,Control Variate (2Z),0.010269994,0.009859277,0.009762241,1.0052012,57915,0.08501505851745605
722,Control Variate (Z^2),0.010269994,0.009383544,0.009972121,0.9840451,57915,0.06736969947814941
723,Importance Sampling (E[L*] = 5),0.010269994,0.010305145,0.0005778345,16.982399,57915,0.03980708122253418
724,Importance Sampling (E[L*] = x),0.010269994,0.0102165295,0.00027762275,35.346584,57915,0.051198482513427734
725,Crude MC,0.010269994,0.011351945,0.01122327,1,58316,0.27348804473876953
726,Control Variate (2Z),0.010269994,0.010666027,0.0105524445,1.0635706,58316,0.08999204635620117
727,Control Variate (Z^2),0.010269994,0.010140908,0.01034779,1.0846055,58316,0.09813976287841797
728,Importance Sampling (E[L*] = 5),0.010269994,0.010237547,0.0005673383,19.782322,58316,0.05560922622680664
729,Importance Sampling (E[L*] = x),0.010269994,0.010200775,0.00027969966,40.12615,58316,0.05151104927062988
730,Crude MC,0.010269994,0.010388814,0.010281065,1,58717,0.24215364456176758
731,Control Variate (2Z),0.010269994,0.010082259,0.009980775,1.0300868,58717,0.08821892738342285
732,Control Variate (Z^2),0.010269994,0.009540492,0.009896002,1.038911,58717,0.08913707733154297
733,Importance Sampling (E[L*] = 5),0.010269994,0.010152487,0.00056596956,18.165401,58717,0.04461312294006348
734,Importance Sampling (E[L*] = x),0.010269994,0.0103186425,0.0002812377,36.556496,58717,0.0517122745513916
735,Crude MC,0.010269994,0.01019994,0.01009607,1,59118,0.2807304859161377
736,Control Variate (2Z),0.010269994,0.010961129,0.010841167,0.93127155,59118,0.09369730949401855
737,Control Variate (Z^2),0.010269994,0.01009686,0.010411426,0.9697106,59118,0.09206652641296387
738,Importance Sampling (E[L*] = 5),0.010269994,0.010211765,0.000568936,17.74553,59118,0.05671048164367676
739,Importance Sampling (E[L*] = x),0.010269994,0.0102008395,0.00027765005,36.362576,59118,0.06600332260131836
740,Crude MC,0.010269994,0.009576934,0.009485376,1,59518,0.31935715675354004
741,Control Variate (2Z),0.010269994,0.009257703,0.009172153,1.0341494,59518,0.10755276679992676
742,Control Variate (Z^2),0.010269994,0.009918962,0.010711863,0.88550204,59518,0.09083390235900879
743,Importance Sampling (E[L*] = 5),0.010269994,0.010133361,0.0005650342,16.78726,59518,0.0405733585357666
744,Importance Sampling (E[L*] = x),0.010269994,0.010266434,0.00028000545,33.875683,59518,0.04897022247314453
745,Crude MC,0.010269994,0.010297234,0.010191372,1,59919,0.28307247161865234
746,Control Variate (2Z),0.010269994,0.009505697,0.05973017,0.17062353,59919,0.09680819511413574
747,Control Variate (Z^2),0.010269994,0.010131206,0.010316149,0.9879046,59919,0.09111976623535156
748,Importance Sampling (E[L*] = 5),0.010269994,0.010210021,0.00056649913,17.990091,59919,0.04343128204345703
749,Importance Sampling (E[L*] = x),0.010269994,0.010369653,0.00028410426,35.871944,59919,0.05000591278076172
750,Crude MC,0.010269994,0.010344828,0.010237982,1,60320,0.29230284690856934
751,Control Variate (2Z),0.010269994,0.010427719,0.010319152,0.99213403,60320,0.09477853775024414
752,Control Variate (Z^2),0.010269994,0.0099625,0.010252218,0.9986114,60320,0.07210397720336914
753,Importance Sampling (E[L*] = 5),0.010269994,0.0102428775,0.00057097577,17.930676,60320,0.048503875732421875
754,Importance Sampling (E[L*] = x),0.010269994,0.01016501,0.0002776925,36.86805,60320,0.045683860778808594
755,Crude MC,0.010269994,0.010490604,0.0103807235,1,60721,0.27950572967529297
756,Control Variate (2Z),0.010269994,0.010062416,0.00996133,1.0421021,60721,0.08976554870605469
757,Control Variate (Z^2),0.010269994,0.0099267075,0.011042095,0.94010454,60721,0.08665299415588379
758,Importance Sampling (E[L*] = 5),0.010269994,0.010112739,0.0005647587,18.380812,60721,0.04336261749267578
759,Importance Sampling (E[L*] = x),0.010269994,0.010261773,0.00027945384,37.14647,60721,0.04861259460449219
760,Crude MC,0.010269994,0.009947319,0.00984853,1,61122,0.26433277130126953
761,Control Variate (2Z),0.010269994,0.010323616,0.010217204,0.9639164,61122,0.09125924110412598
762,Control Variate (Z^2),0.010269994,0.009283447,0.010461603,0.9413978,61122,0.08876299858093262
763,Importance Sampling (E[L*] = 5),0.010269994,0.010219571,0.000572053,17.216114,61122,0.048639774322509766
764,Importance Sampling (E[L*] = x),0.010269994,0.010299874,0.0002809533,35.053978,61122,0.0483860969543457
765,Crude MC,0.010269994,0.010500308,0.010390221,1,61522,0.2903439998626709
766,Control Variate (2Z),0.010269994,0.010500308,0.010390222,0.9999999,61522,0.10115504264831543
767,Control Variate (Z^2),0.010269994,0.009386456,0.010398601,0.99919415,61522,0.0993037223815918
768,Importance Sampling (E[L*] = 5),0.010269994,0.010230689,0.00057388056,18.105198,61522,0.04876852035522461
769,Importance Sampling (E[L*] = x),0.010269994,0.010300111,0.00028097676,36.978935,61522,0.05631899833679199
770,Crude MC,0.010269994,0.00991554,0.009817381,1,61923,0.2695155143737793
771,Control Variate (2Z),0.010269994,0.009463365,0.009373962,1.0473033,61923,0.08841919898986816
772,Control Variate (Z^2),0.010269994,0.009412166,0.009991202,0.98260266,61923,0.08516407012939453
773,Importance Sampling (E[L*] = 5),0.010269994,0.010113429,0.00056748325,17.299862,61923,0.04248857498168945
774,Importance Sampling (E[L*] = x),0.010269994,0.010106486,0.0002725966,36.01432,61923,0.04308009147644043
775,Crude MC,0.010269994,0.0100121945,0.009912109,1,62324,0.30032896995544434
776,Control Variate (2Z),0.010269994,0.01046146,0.010352184,0.95748967,62324,0.09147071838378906
777,Control Variate (Z^2),0.010269994,0.009832255,0.010717012,0.9248948,62324,0.07977724075317383
778,Importance Sampling (E[L*] = 5),0.010269994,0.010238057,0.000573666,17.278536,62324,0.05264019966125488
779,Importance Sampling (E[L*] = x),0.010269994,0.010346496,0.0002820472,35.14344,62324,0.04524421691894531
780,Crude MC,0.010269994,0.0100279,0.009927499,1,62725,0.2795140743255615
781,Control Variate (2Z),0.010269994,0.009501794,0.009411659,1.0548086,62725,0.0798490047454834
782,Control Variate (Z^2),0.010269994,0.009663658,0.010252057,0.9683422,62725,0.09643268585205078
783,Importance Sampling (E[L*] = 5),0.010269994,0.010166508,0.00056816183,17.473013,62725,0.04006528854370117
784,Importance Sampling (E[L*] = x),0.010269994,0.010193342,0.00027993237,35.46392,62725,0.046982526779174805
785,Crude MC,0.010269994,0.010201818,0.0100978995,1,63126,0.2868037223815918
786,Control Variate (2Z),0.010269994,0.010550328,0.010439183,0.9673075,63126,0.0922844409942627
787,Control Variate (Z^2),0.010269994,0.010480786,0.010719061,0.94205076,63126,0.08554267883300781
788,Importance Sampling (E[L*] = 5),0.010269994,0.010353192,0.000578,17.470415,63126,0.04717874526977539
789,Importance Sampling (E[L*] = x),0.010269994,0.010323922,0.0002821959,35.7833,63126,0.04433560371398926
790,Crude MC,0.010269994,0.01002739,0.009926998,1,63526,0.2429969310760498
791,Control Variate (2Z),0.010269994,0.010247772,0.010142916,0.97871244,63526,0.07942628860473633
792,Control Variate (Z^2),0.010269994,0.009567725,0.01043687,0.951147,63526,0.08245325088500977
793,Importance Sampling (E[L*] = 5),0.010269994,0.010340439,0.00057642435,17.221684,63526,0.049721479415893555
794,Importance Sampling (E[L*] = x),0.010269994,0.010235501,0.0002784957,35.64507,63526,0.048013925552368164
795,Crude MC,0.010269994,0.009933205,0.00983469,1,63927,0.2922501564025879
796,Control Variate (2Z),0.010269994,0.010292991,0.010187203,0.96539646,63927,0.09164118766784668
797,Control Variate (Z^2),0.010269994,0.009188699,0.010178698,0.96620315,63927,0.08115172386169434
798,Importance Sampling (E[L*] = 5),0.010269994,0.010224258,0.00057116256,17.218723,63927,0.057358741760253906
799,Importance Sampling (E[L*] = x),0.010269994,0.010302103,0.00028213597,34.85798,63927,0.05323219299316406
800,Crude MC,0.010269994,0.010213282,0.010109128,1,64328,0.24562335014343262
801,Control Variate (2Z),0.010269994,0.010306554,0.010200488,0.99104357,64328,0.07054710388183594
802,Control Variate (Z^2),0.010269994,0.009771779,0.010590463,0.9545502,64328,0.06731152534484863
803,Importance Sampling (E[L*] = 5),0.010269994,0.010304898,0.00057311583,17.638893,64328,0.053603172302246094
804,Importance Sampling (E[L*] = x),0.010269994,0.010292076,0.0002811895,35.9513,64328,0.044449567794799805
805,Crude MC,0.010269994,0.009763785,0.009668602,1,64729,0.2842528820037842
806,Control Variate (2Z),0.010269994,0.009192171,0.009107816,1.061572,64729,0.10566353797912598
807,Control Variate (Z^2),0.010269994,0.009892914,0.010212268,0.94676346,64729,0.10002255439758301
808,Importance Sampling (E[L*] = 5),0.010269994,0.010291152,0.0005726255,16.884686,64729,0.05122065544128418
809,Importance Sampling (E[L*] = x),0.010269994,0.010247589,0.0002798187,34.553093,64729,0.046890974044799805
810,Crude MC,0.010269994,0.010578843,0.010467092,1,65130,0.27679014205932617
811,Control Variate (2Z),0.010269994,0.010087517,0.009985914,1.0481856,65130,0.07762813568115234
812,Control Variate (Z^2),0.010269994,0.008722457,0.009882452,1.0591594,65130,0.08035683631896973
813,Importance Sampling (E[L*] = 5),0.010269994,0.010352108,0.0005748607,18.208048,65130,0.04848480224609375
814,Importance Sampling (E[L*] = x),0.010269994,0.010232011,0.00027970842,37.42144,65130,0.05196213722229004
815,Crude MC,0.010269994,0.010071723,0.009970435,1,65530,0.26204395294189453
816,Control Variate (2Z),0.010269994,0.010437967,0.010329175,0.96526927,65530,0.08553624153137207
817,Control Variate (Z^2),0.010269994,0.009877513,0.010812844,0.9220918,65530,0.08371663093566895
818,Importance Sampling (E[L*] = 5),0.010269994,0.01023857,0.0005738968,17.373219,65530,0.04259896278381348
819,Importance Sampling (E[L*] = x),0.010269994,0.0103208395,0.0002833591,35.18657,65530,0.04097270965576172
820,Crude MC,0.010269994,0.010571659,0.010460056,1,65931,0.28792715072631836
821,Control Variate (2Z),0.010269994,0.010207642,0.010103598,1.0352803,65931,0.08513045310974121
822,Control Variate (Z^2),0.010269994,0.009417875,0.010548199,0.99164385,65931,0.08347201347351074
823,Importance Sampling (E[L*] = 5),0.010269994,0.0103568565,0.0005792979,18.056438,65931,0.047966718673706055
824,Importance Sampling (E[L*] = x),0.010269994,0.010260806,0.00028021453,37.328743,65931,0.0535125732421875
825,Crude MC,0.010269994,0.010990171,0.0108695505,1,66332,0.302457332611084
826,Control Variate (2Z),0.010269994,0.010372068,0.0102646435,1.0589311,66332,0.09558677673339844
827,Control Variate (Z^2),0.010269994,0.009886255,0.0113051785,0.9614665,66332,0.07602334022521973
828,Importance Sampling (E[L*] = 5),0.010269994,0.010236209,0.00057368545,18.946882,66332,0.04484701156616211
829,Importance Sampling (E[L*] = x),0.010269994,0.0101894755,0.00027878294,38.989296,66332,0.04949378967285156
830,Crude MC,0.010269994,0.010249802,0.010144895,1,66733,0.30478692054748535
831,Control Variate (2Z),0.010269994,0.010864191,0.010746321,0.9440343,66733,0.10075092315673828
832,Control Variate (Z^2),0.010269994,0.00933845,0.010463115,0.9695865,66733,0.07718086242675781
833,Importance Sampling (E[L*] = 5),0.010269994,0.010303184,0.00057946844,17.507244,66733,0.049210309982299805
834,Importance Sampling (E[L*] = x),0.010269994,0.010249845,0.0002780436,36.486706,66733,0.04678940773010254
835,Crude MC,0.010269994,0.010173683,0.0100703295,1,67134,0.2941887378692627
836,Control Variate (2Z),0.010269994,0.010143892,0.010041141,1.0029069,67134,0.07926607131958008
837,Control Variate (Z^2),0.010269994,0.009282086,0.010503364,0.9587718,67134,0.07468962669372559
838,Importance Sampling (E[L*] = 5),0.010269994,0.010223561,0.0005693711,17.68676,67134,0.04653024673461914
839,Importance Sampling (E[L*] = x),0.010269994,0.010289616,0.00028078258,35.865223,67134,0.0512692928314209
840,Crude MC,0.010269994,0.010217075,0.010112837,1,67534,0.2869396209716797
841,Control Variate (2Z),0.010269994,0.00952113,0.009430618,1.0723408,67534,0.08733177185058594
842,Control Variate (Z^2),0.010269994,0.009400986,0.010422691,0.9702712,67534,0.07657790184020996
843,Importance Sampling (E[L*] = 5),0.010269994,0.01026756,0.0005733664,17.637651,67534,0.04084968566894531
844,Importance Sampling (E[L*] = x),0.010269994,0.010316184,0.00028132513,35.94715,67534,0.04987788200378418
845,Crude MC,0.010269994,0.010230367,0.010125857,1,67935,0.26425790786743164
846,Control Variate (2Z),0.010269994,0.010951645,0.010831866,0.93482107,67935,0.08980727195739746
847,Control Variate (Z^2),0.010269994,0.009442721,0.009837311,1.0293318,67935,0.07356643676757812
848,Importance Sampling (E[L*] = 5),0.010269994,0.010204368,0.00057143904,17.719925,67935,0.03997015953063965
849,Importance Sampling (E[L*] = x),0.010269994,0.010325619,0.00028223562,35.877316,67935,0.04322481155395508
850,Crude MC,0.010269994,0.010228869,0.010124387,1,68336,0.2673149108886719
851,Control Variate (2Z),0.010269994,0.010258136,0.010153055,0.9971764,68336,0.07816743850708008
852,Control Variate (Z^2),0.010269994,0.009827192,0.0109508885,0.9245266,68336,0.07277917861938477
853,Importance Sampling (E[L*] = 5),0.010269994,0.010375105,0.00057814654,17.5118,68336,0.04075050354003906
854,Importance Sampling (E[L*] = x),0.010269994,0.010251539,0.00028088505,36.044594,68336,0.048467397689819336
855,Crude MC,0.010269994,0.009776394,0.0096809575,1,68737,0.3139965534210205
856,Control Variate (2Z),0.010269994,0.009587267,0.009495488,1.0195323,68737,0.09014606475830078
857,Control Variate (Z^2),0.010269994,0.010170545,0.0108460495,0.89257914,68737,0.0828399658203125
858,Importance Sampling (E[L*] = 5),0.010269994,0.010106979,0.0005660188,17.103598,68737,0.0416262149810791
859,Importance Sampling (E[L*] = x),0.010269994,0.010225259,0.0002798378,34.594887,68737,0.043105363845825195
860,Crude MC,0.010269994,0.010529665,0.010418942,1,69138,0.2930107116699219
861,Control Variate (2Z),0.010269994,0.010558593,0.01044726,0.9972895,69138,0.09267067909240723
862,Control Variate (Z^2),0.010269994,0.009487578,0.010011505,1.0406969,69138,0.07624506950378418
863,Importance Sampling (E[L*] = 5),0.010269994,0.010256003,0.0005750526,18.118242,69138,0.04613232612609863
864,Importance Sampling (E[L*] = x),0.010269994,0.010260619,0.00027994465,37.217865,69138,0.05572819709777832
865,Crude MC,0.010269994,0.010267767,0.010162487,1,69538,0.2772846221923828
866,Control Variate (2Z),0.010269994,0.010156401,0.042119145,0.24127951,69538,0.08858251571655273
867,Control Variate (Z^2),0.010269994,0.009008769,0.009954185,1.020926,69538,0.08714771270751953
868,Importance Sampling (E[L*] = 5),0.010269994,0.010453938,0.0005813096,17.482056,69538,0.04857301712036133
869,Importance Sampling (E[L*] = x),0.010269994,0.010321537,0.00028044602,36.236874,69538,0.04388713836669922
870,Crude MC,0.010269994,0.010080213,0.009978745,1,69939,0.280566930770874
871,Control Variate (2Z),0.010269994,0.009822845,0.009726496,1.0259342,69939,0.10363459587097168
872,Control Variate (Z^2),0.010269994,0.009077717,0.00982315,1.0158397,69939,0.08920741081237793
873,Importance Sampling (E[L*] = 5),0.010269994,0.010233945,0.000568821,17.542856,69939,0.05120682716369629
874,Importance Sampling (E[L*] = x),0.010269994,0.010306358,0.00028192683,35.394806,69939,0.04847145080566406
875,Crude MC,0.010269994,0.010420813,0.010312367,1,70340,0.2862839698791504
876,Control Variate (2Z),0.010269994,0.01022178,0.010117439,1.0192666,70340,0.08982229232788086
877,Control Variate (Z^2),0.010269994,0.0097828265,0.0103671085,0.99471974,70340,0.08343195915222168
878,Importance Sampling (E[L*] = 5),0.010269994,0.010125496,0.00056549686,18.23594,70340,0.04998588562011719
879,Importance Sampling (E[L*] = x),0.010269994,0.010320758,0.00028266662,36.482437,70340,0.05210423469543457
880,Crude MC,0.010269994,0.009965932,0.009866751,1,70741,0.2885746955871582
881,Control Variate (2Z),0.010269994,0.009697347,0.009603445,1.0274178,70741,0.08838558197021484
882,Control Variate (Z^2),0.010269994,0.009100404,0.009842683,1.0024453,70741,0.0935826301574707
883,Importance Sampling (E[L*] = 5),0.010269994,0.010319455,0.0005766874,17.109358,70741,0.04637956619262695
884,Importance Sampling (E[L*] = x),0.010269994,0.010288209,0.00028119033,35.089226,70741,0.04948854446411133
885,Crude MC,0.010269994,0.010542296,0.010431303,1,71142,0.24704766273498535
886,Control Variate (2Z),0.010269994,0.010584465,0.010472581,0.99605846,71142,0.08750081062316895
887,Control Variate (Z^2),0.010269994,0.0101989675,0.010611974,0.9829748,71142,0.09257197380065918
888,Importance Sampling (E[L*] = 5),0.010269994,0.010223225,0.0005671173,18.393555,71142,0.0509800910949707
889,Importance Sampling (E[L*] = x),0.010269994,0.010279117,0.00028099047,37.123333,71142,0.04727983474731445
890,Crude MC,0.010269994,0.009742529,0.009647746,1,71542,0.2882561683654785
891,Control Variate (2Z),0.010269994,0.010679042,0.010565147,0.91316724,71542,0.09708094596862793
892,Control Variate (Z^2),0.010269994,0.009552331,0.010759655,0.8966594,71542,0.09053349494934082
893,Importance Sampling (E[L*] = 5),0.010269994,0.010385729,0.0005815121,16.59079,71542,0.06761813163757324
894,Importance Sampling (E[L*] = x),0.010269994,0.010285712,0.0002809454,34.34029,71542,0.07557034492492676
895,Crude MC,0.010269994,0.010828016,0.010710918,1,71943,0.2817847728729248
896,Control Variate (2Z),0.010269994,0.010716817,0.010602115,1.0102625,71943,0.08312439918518066
897,Control Variate (Z^2),0.010269994,0.009222001,0.009752585,1.0982646,71943,0.07600975036621094
898,Importance Sampling (E[L*] = 5),0.010269994,0.010329807,0.000575169,18.622211,71943,0.043282508850097656
899,Importance Sampling (E[L*] = x),0.010269994,0.010241117,0.00027906324,38.381687,71943,0.04583454132080078
900,Crude MC,0.010269994,0.010505363,0.010395144,1,72344,0.29607582092285156
901,Control Variate (2Z),0.010269994,0.00975893,0.009663827,1.0756757,72344,0.08798646926879883
902,Control Variate (Z^2),0.010269994,0.009693558,0.010532034,0.98700255,72344,0.08204388618469238
903,Importance Sampling (E[L*] = 5),0.010269994,0.010297031,0.0005775427,17.998919,72344,0.04114985466003418
904,Importance Sampling (E[L*] = x),0.010269994,0.010302114,0.0002825757,36.787113,72344,0.044850826263427734
905,Crude MC,0.010269994,0.010571173,0.010459567,1,72745,0.29009294509887695
906,Control Variate (2Z),0.010269994,0.01091484,0.010795854,0.9688504,72745,0.09402084350585938
907,Control Variate (Z^2),0.010269994,0.009492873,0.010463817,0.99959385,72745,0.1053922176361084
908,Importance Sampling (E[L*] = 5),0.010269994,0.010419569,0.00057941297,18.052008,72745,0.055832862854003906
909,Importance Sampling (E[L*] = x),0.010269994,0.010287208,0.0002818334,37.11259,72745,0.058087825775146484
910,Crude MC,0.010269994,0.010294479,0.010188642,1,73146,0.2581183910369873
911,Control Variate (2Z),0.010269994,0.01093703,0.010817559,0.94186145,73146,0.08676528930664062
912,Control Variate (Z^2),0.010269994,0.009543771,0.010031956,1.0156187,73146,0.09166669845581055
913,Importance Sampling (E[L*] = 5),0.010269994,0.010302684,0.0005771262,17.654097,73146,0.042275428771972656
914,Importance Sampling (E[L*] = x),0.010269994,0.01021967,0.00027850323,36.58357,73146,0.04535031318664551
915,Crude MC,0.010269994,0.010007342,0.00990733,1,73546,0.27766847610473633
916,Control Variate (2Z),0.010269994,0.0105376225,0.010426723,0.9501864,73546,0.0791006088256836
917,Control Variate (Z^2),0.010269994,0.008968359,0.009966256,0.99408746,73546,0.08211708068847656
918,Importance Sampling (E[L*] = 5),0.010269994,0.010286041,0.0005774232,17.157833,73546,0.04920482635498047
919,Importance Sampling (E[L*] = x),0.010269994,0.010303395,0.00028039308,35.333717,73546,0.0504918098449707
920,Crude MC,0.010269994,0.009696134,0.009602249,1,73947,0.27857208251953125
921,Control Variate (2Z),0.010269994,0.010575142,0.010463449,0.9176944,73947,0.10747265815734863
922,Control Variate (Z^2),0.010269994,0.009051395,0.010020698,0.95824146,73947,0.07910656929016113
923,Importance Sampling (E[L*] = 5),0.010269994,0.010374198,0.00057873316,16.59184,73947,0.05050492286682129
924,Importance Sampling (E[L*] = x),0.010269994,0.010314258,0.00028073488,34.203976,73947,0.05417180061340332
925,Crude MC,0.010269994,0.010249099,0.010144191,1,74348,0.26351451873779297
926,Control Variate (2Z),0.010269994,0.010249099,0.010144191,1.0,74348,0.10439324378967285
927,Control Variate (Z^2),0.010269994,0.00981269,0.010441191,0.971555,74348,0.07087445259094238
928,Importance Sampling (E[L*] = 5),0.010269994,0.010061575,0.0005631306,18.013922,74348,0.03996109962463379
929,Importance Sampling (E[L*] = x),0.010269994,0.010189956,0.0002785612,36.41638,74348,0.04808545112609863
930,Crude MC,0.010269994,0.00995331,0.009854373,1,74749,0.2647261619567871
931,Control Variate (2Z),0.010269994,0.009712504,0.009618301,1.024544,74749,0.08328652381896973
932,Control Variate (Z^2),0.010269994,0.009107096,0.009813798,1.0041345,74749,0.09487438201904297
933,Importance Sampling (E[L*] = 5),0.010269994,0.010267027,0.00057654036,17.09225,74749,0.0402989387512207
934,Importance Sampling (E[L*] = x),0.010269994,0.010188565,0.00027856693,35.37524,74749,0.045968055725097656
935,Crude MC,0.010269994,0.009807052,0.009711005,1,75150,0.25710344314575195
936,Control Variate (2Z),0.010269994,0.010246174,0.010141325,0.95756763,75150,0.09210395812988281
937,Control Variate (Z^2),0.010269994,0.008796305,0.010231903,0.9490908,75150,0.07843470573425293
938,Importance Sampling (E[L*] = 5),0.010269994,0.01031566,0.0005767408,16.837729,75150,0.04097461700439453
939,Importance Sampling (E[L*] = x),0.010269994,0.010395272,0.00028457656,34.1244,75150,0.04659843444824219
940,Crude MC,0.010269994,0.010893304,0.010774783,1,75551,0.2608208656311035
941,Control Variate (2Z),0.010269994,0.010297679,0.010191771,1.0572041,75551,0.08789682388305664
942,Control Variate (Z^2),0.010269994,0.009337787,0.010043867,1.0727724,75551,0.08466506004333496
943,Importance Sampling (E[L*] = 5),0.010269994,0.010339352,0.0005745242,18.75427,75551,0.0476527214050293
944,Importance Sampling (E[L*] = x),0.010269994,0.010354983,0.0002841943,37.913437,75551,0.0540165901184082
945,Crude MC,0.010269994,0.010124949,0.0100225685,1,75951,0.2802753448486328
946,Control Variate (2Z),0.010269994,0.010190781,0.010087061,0.99360645,75951,0.2909054756164551
947,Control Variate (Z^2),0.010269994,0.009560148,0.010201582,0.9824524,75951,0.07998466491699219
948,Importance Sampling (E[L*] = 5),0.010269994,0.010374996,0.0005819099,17.223574,75951,0.04649662971496582
949,Importance Sampling (E[L*] = x),0.010269994,0.010258298,0.00027827494,36.016785,75951,0.05534720420837402
950,Crude MC,0.010269994,0.010648051,0.010534807,1,76352,0.23627710342407227
951,Control Variate (2Z),0.010269994,0.010097967,0.00999613,1.0538886,76352,0.08043789863586426
952,Control Variate (Z^2),0.010269994,0.009910249,0.010305686,1.0222325,76352,0.0721898078918457
953,Importance Sampling (E[L*] = 5),0.010269994,0.010297852,0.00057571416,18.298676,76352,0.04081916809082031
954,Importance Sampling (E[L*] = x),0.010269994,0.0102893915,0.00028049975,37.557278,76352,0.03678178787231445
955,Crude MC,0.010269994,0.009693432,0.0095995935,1,76753,0.3095254898071289
956,Control Variate (2Z),0.010269994,0.010058238,0.0099572,0.96408564,76753,0.09270358085632324
957,Control Variate (Z^2),0.010269994,0.009894158,0.010279235,0.93388206,76753,0.0856790542602539
958,Importance Sampling (E[L*] = 5),0.010269994,0.010295005,0.0005758812,16.6694,76753,0.045013427734375
959,Importance Sampling (E[L*] = x),0.010269994,0.010232941,0.00027927643,34.37309,76753,0.05548810958862305
960,Crude MC,0.010269994,0.010537366,0.010426465,1,77154,0.3318324089050293
961,Control Variate (2Z),0.010269994,0.010278145,0.010172636,1.0249522,77154,0.10893774032592773
962,Control Variate (Z^2),0.010269994,0.0091220485,0.009719347,1.0727538,77154,0.09258103370666504
963,Importance Sampling (E[L*] = 5),0.010269994,0.010340033,0.0005748655,18.137226,77154,0.05032014846801758
964,Importance Sampling (E[L*] = x),0.010269994,0.010251628,0.0002799159,37.248566,77154,0.0535733699798584
965,Crude MC,0.010269994,0.01053446,0.010423619,1,77555,0.3103816509246826
966,Control Variate (2Z),0.010269994,0.0104442015,0.010335252,1.0085502,77555,0.09843921661376953
967,Control Variate (Z^2),0.010269994,0.009003286,0.009514055,1.0956022,77555,0.08090949058532715
968,Importance Sampling (E[L*] = 5),0.010269994,0.01011394,0.0005652392,18.441076,77555,0.045362234115600586
969,Importance Sampling (E[L*] = x),0.010269994,0.010246064,0.00027979634,37.25431,77555,0.05976271629333496
970,Crude MC,0.010269994,0.010557373,0.010446049,1,77955,0.32448863983154297
971,Control Variate (2Z),0.010269994,0.0103906095,0.010282775,1.0158784,77955,0.10048937797546387
972,Control Variate (Z^2),0.010269994,0.009187201,0.009917564,1.0532879,77955,0.08387351036071777
973,Importance Sampling (E[L*] = 5),0.010269994,0.010290509,0.0005748383,18.172152,77955,0.04093337059020996
974,Importance Sampling (E[L*] = x),0.010269994,0.010185379,0.0002770439,37.705395,77955,0.04084038734436035
975,Crude MC,0.010269994,0.00958446,0.009492719,1,78356,0.297670841217041
976,Control Variate (2Z),0.010269994,0.009980091,0.0098806145,0.9607417,78356,0.09239435195922852
977,Control Variate (Z^2),0.010269994,0.009642967,0.010558097,0.89909375,78356,0.09650325775146484
978,Importance Sampling (E[L*] = 5),0.010269994,0.010183985,0.00056641496,16.7593,78356,0.060805320739746094
979,Importance Sampling (E[L*] = x),0.010269994,0.010277691,0.00027862698,34.069633,78356,0.05299043655395508
980,Crude MC,0.010269994,0.010259405,0.01015428,1,78757,0.2611372470855713
981,Control Variate (2Z),0.010269994,0.010005459,0.009905477,1.0251178,78757,0.09104704856872559
982,Control Variate (Z^2),0.010269994,0.009645522,0.01020555,0.9949762,78757,0.07550525665283203
983,Importance Sampling (E[L*] = 5),0.010269994,0.010163582,0.0005693006,17.83641,78757,0.04049873352050781
984,Importance Sampling (E[L*] = x),0.010269994,0.010315751,0.00028183375,36.029324,78757,0.05355381965637207
985,Crude MC,0.010269994,0.010283232,0.010177614,1,79158,0.32120609283447266
986,Control Variate (2Z),0.010269994,0.011167538,0.011042965,0.92163783,79158,0.0964193344116211
987,Control Variate (Z^2),0.010269994,0.009716619,0.010882417,0.9352347,79158,0.0748438835144043
988,Importance Sampling (E[L*] = 5),0.010269994,0.010173219,0.0005658141,17.987558,79158,0.052214622497558594
989,Importance Sampling (E[L*] = x),0.010269994,0.010312545,0.00028103063,36.21532,79158,0.04695391654968262
990,Crude MC,0.010269994,0.0099046,0.009806621,1,79559,0.2894716262817383
991,Control Variate (2Z),0.010269994,0.010357094,0.010249954,0.95674783,79559,0.08478045463562012
992,Control Variate (Z^2),0.010269994,0.009454969,0.009817566,0.99888515,79559,0.09720349311828613
993,Importance Sampling (E[L*] = 5),0.010269994,0.010161089,0.00056622596,17.319271,79559,0.036757707595825195
994,Importance Sampling (E[L*] = x),0.010269994,0.010254492,0.00028021244,34.997093,79559,0.03859877586364746
995,Crude MC,0.010269994,0.010480371,0.010370663,1,79959,0.2777841091156006
996,Control Variate (2Z),0.010269994,0.0104178395,0.010309438,1.0059388,79959,0.10357308387756348
997,Control Variate (Z^2),0.010269994,0.009247923,0.010124441,1.0243195,79959,0.07732605934143066
998,Importance Sampling (E[L*] = 5),0.010269994,0.010190782,0.00056818535,18.252254,79959,0.04867219924926758
999,Importance Sampling (E[L*] = x),0.010269994,0.010314696,0.00028238987,36.72463,79959,0.05247044563293457
1000,Crude MC,0.010269994,0.0097187655,0.009624431,1,80360,0.2580606937408447
1001,Control Variate (2Z),0.010269994,0.010627178,0.010514372,0.91535956,80360,0.07313799858093262
1002,Control Variate (Z^2),0.010269994,0.009257282,0.01108511,0.8682305,80360,0.0680396556854248
1003,Importance Sampling (E[L*] = 5),0.010269994,0.010426819,0.0005819771,16.537474,80360,0.04230833053588867
1004,Importance Sampling (E[L*] = x),0.010269994,0.010099229,0.0002756763,34.91207,80360,0.04767942428588867
1005,Crude MC,0.010269994,0.010165798,0.010062579,1,80761,0.2609748840332031
1006,Control Variate (2Z),0.010269994,0.009794331,0.009698521,1.0375375,80761,0.09337282180786133
1007,Control Variate (Z^2),0.010269994,0.009419636,0.010065208,0.9997388,80761,0.08444905281066895
1008,Importance Sampling (E[L*] = 5),0.010269994,0.010225439,0.0005703499,17.642817,80761,0.04207777976989746
1009,Importance Sampling (E[L*] = x),0.010269994,0.010232279,0.00027920288,36.040382,80761,0.04798173904418945
1010,Crude MC,0.010269994,0.0100909285,0.009989224,1,81162,0.2503974437713623
1011,Control Variate (2Z),0.010269994,0.009844508,0.009747715,1.024776,81162,0.07376265525817871
1012,Control Variate (Z^2),0.010269994,0.009635922,0.010491156,0.95215666,81162,0.08856868743896484
1013,Importance Sampling (E[L*] = 5),0.010269994,0.010393282,0.0005782109,17.27609,81162,0.04420185089111328
1014,Importance Sampling (E[L*] = x),0.010269994,0.010183411,0.00027867785,35.845062,81162,0.04846024513244629
1015,Crude MC,0.010269994,0.010188444,0.010084763,1,81563,0.3058011531829834
1016,Control Variate (2Z),0.010269994,0.010286527,0.010180839,0.99056304,81563,0.1054079532623291
1017,Control Variate (Z^2),0.010269994,0.009047739,0.010240792,0.984764,81563,0.10101056098937988
1018,Importance Sampling (E[L*] = 5),0.010269994,0.010306993,0.0005751178,17.535126,81563,0.0428011417388916
1019,Importance Sampling (E[L*] = x),0.010269994,0.010179933,0.00027667297,36.45012,81563,0.04357099533081055
1020,Crude MC,0.010269994,0.010187523,0.010083861,1,81963,0.28426122665405273
1021,Control Variate (2Z),0.010269994,0.010053316,0.00995237,1.013212,81963,0.09712338447570801
1022,Control Variate (Z^2),0.010269994,0.010416023,0.011057665,0.911934,81963,0.09384012222290039
1023,Importance Sampling (E[L*] = 5),0.010269994,0.010330709,0.00057975255,17.393387,81963,0.0524594783782959
1024,Importance Sampling (E[L*] = x),0.010269994,0.010297942,0.00028290084,35.644505,81963,0.04991912841796875
1025,Crude MC,0.010269994,0.010283619,0.01017799,1,82364,0.24358320236206055
1026,Control Variate (2Z),0.010269994,0.009636034,0.028787637,0.35355422,82364,0.08523678779602051
1027,Control Variate (Z^2),0.010269994,0.009566786,0.010594824,0.9606568,82364,0.0771172046661377
1028,Importance Sampling (E[L*] = 5),0.010269994,0.010308501,0.000575768,17.677242,82364,0.03784608840942383
1029,Importance Sampling (E[L*] = x),0.010269994,0.0102477055,0.0002792529,36.447212,82364,0.04298996925354004
1030,Crude MC,0.010269994,0.010837914,0.0107205855,1,82765,0.27515316009521484
1031,Control Variate (2Z),0.010269994,0.0103062885,0.010200192,1.051018,82765,0.0732276439666748
1032,Control Variate (Z^2),0.010269994,0.0096895555,0.011035068,0.9715015,82765,0.08200812339782715
1033,Importance Sampling (E[L*] = 5),0.010269994,0.01025537,0.0005737942,18.683678,82765,0.050240278244018555
1034,Importance Sampling (E[L*] = x),0.010269994,0.010267504,0.00028000423,38.287228,82765,0.04483914375305176
1035,Crude MC,0.010269994,0.010100282,0.009998387,1,83166,0.3016021251678467
1036,Control Variate (2Z),0.010269994,0.010196474,0.010092628,0.99066234,83166,0.09371495246887207
1037,Control Variate (Z^2),0.010269994,0.009480934,0.010206392,0.9796201,83166,0.07554125785827637
1038,Importance Sampling (E[L*] = 5),0.010269994,0.010388605,0.0005767519,17.33568,83166,0.04961991310119629
1039,Importance Sampling (E[L*] = x),0.010269994,0.01021334,0.00027955702,35.765106,83166,0.05204033851623535
1040,Crude MC,0.010269994,0.010518506,0.010407992,1,83567,0.29244422912597656
1041,Control Variate (2Z),0.010269994,0.010973231,0.01085295,0.9590012,83567,0.1068568229675293
1042,Control Variate (Z^2),0.010269994,0.01012648,0.010662423,0.9761375,83567,0.09738588333129883
1043,Importance Sampling (E[L*] = 5),0.010269994,0.010349277,0.000577328,18.027864,83567,0.0510101318359375
1044,Importance Sampling (E[L*] = x),0.010269994,0.010219393,0.00027907686,37.294353,83567,0.05337047576904297
1045,Crude MC,0.010269994,0.010527945,0.010417232,1,83967,0.28557872772216797
1046,Control Variate (2Z),0.010269994,0.009706194,0.009612098,1.0837625,83967,0.0744619369506836
1047,Control Variate (Z^2),0.010269994,0.010060947,0.011118494,0.93692833,83967,0.08362841606140137
1048,Importance Sampling (E[L*] = 5),0.010269994,0.010292151,0.0005741524,18.143671,83967,0.04383087158203125
1049,Importance Sampling (E[L*] = x),0.010269994,0.010236536,0.00027764507,37.519962,83967,0.049926042556762695
1050,Crude MC,0.010269994,0.010691257,0.01057708,1,84368,0.3015480041503906
1051,Control Variate (2Z),0.010269994,0.009802295,0.009706325,1.08971,84368,0.0760500431060791
1052,Control Variate (Z^2),0.010269994,0.009899977,0.010283445,1.0285541,84368,0.06829404830932617
1053,Importance Sampling (E[L*] = 5),0.010269994,0.010194281,0.0005687146,18.598223,84368,0.04103207588195801
1054,Importance Sampling (E[L*] = x),0.010269994,0.010301745,0.00028218338,37.483,84368,0.041335105895996094
1055,Crude MC,0.010269994,0.010994585,0.010873831,1,84769,0.28659605979919434
1056,Control Variate (2Z),0.010269994,0.010157015,0.01005397,1.081546,84769,0.09955716133117676
1057,Control Variate (Z^2),0.010269994,0.009070697,0.009906948,1.0975965,84769,0.10303044319152832
1058,Importance Sampling (E[L*] = 5),0.010269994,0.01003098,0.0005592345,19.444134,84769,0.051320791244506836
1059,Importance Sampling (E[L*] = x),0.010269994,0.010341479,0.00028435045,38.240948,84769,0.05497288703918457
1060,Crude MC,0.010269994,0.01046143,0.010352109,1,85170,0.2853703498840332
1061,Control Variate (2Z),0.010269994,0.010250089,0.010145144,1.0204004,85170,0.10047078132629395
1062,Control Variate (Z^2),0.010269994,0.009910062,0.010722411,0.96546465,85170,0.09860515594482422
1063,Importance Sampling (E[L*] = 5),0.010269994,0.010096891,0.000564951,18.323906,85170,0.043444156646728516
1064,Importance Sampling (E[L*] = x),0.010269994,0.010249933,0.0002791474,37.08474,85170,0.04554486274719238
1065,Crude MC,0.010269994,0.010365661,0.010258336,1,85571,0.28935933113098145
1066,Control Variate (2Z),0.010269994,0.010237113,0.010132433,1.0124257,85571,0.09319233894348145
1067,Control Variate (Z^2),0.010269994,0.009477784,0.010818942,0.9481828,85571,0.0820000171661377
1068,Importance Sampling (E[L*] = 5),0.010269994,0.010229944,0.00056971883,18.005962,85571,0.047298431396484375
1069,Importance Sampling (E[L*] = x),0.010269994,0.010272232,0.0002812333,36.476246,85571,0.04962897300720215
1070,Crude MC,0.010269994,0.010201114,0.01009717,1,85971,0.2724008560180664
1071,Control Variate (2Z),0.010269994,0.009654419,0.009561322,1.0560434,85971,0.07770609855651855
1072,Control Variate (Z^2),0.010269994,0.009234507,0.009999237,1.0097941,85971,0.08692717552185059
1073,Importance Sampling (E[L*] = 5),0.010269994,0.010284877,0.0005731001,17.618511,85971,0.05482292175292969
1074,Importance Sampling (E[L*] = x),0.010269994,0.010285187,0.00027993222,36.070053,85971,0.056622982025146484
1075,Crude MC,0.010269994,0.010802112,0.010685551,1,86372,0.27855515480041504
1076,Control Variate (2Z),0.010269994,0.010130597,0.010028086,1.0655624,86372,0.10105562210083008
1077,Control Variate (Z^2),0.010269994,0.009339207,0.010553876,1.0124764,86372,0.09205961227416992
1078,Importance Sampling (E[L*] = 5),0.010269994,0.010304879,0.0005773293,18.508589,86372,0.04361891746520996
1079,Importance Sampling (E[L*] = x),0.010269994,0.010319106,0.000283546,37.685425,86372,0.04929614067077637
1080,Crude MC,0.010269994,0.009795674,0.009699831,1,86773,0.2885720729827881
1081,Control Variate (2Z),0.010269994,0.010037685,0.009937044,0.97612834,86773,0.08257532119750977
1082,Control Variate (Z^2),0.010269994,0.009412065,0.009887929,0.980977,86773,0.07654738426208496
1083,Importance Sampling (E[L*] = 5),0.010269994,0.01024147,0.0005718585,16.961943,86773,0.04947018623352051
1084,Importance Sampling (E[L*] = x),0.010269994,0.010200379,0.00027982975,34.66333,86773,0.04881596565246582
1085,Crude MC,0.010269994,0.010083281,0.009981724,1,87174,0.29584240913391113
1086,Control Variate (2Z),0.010269994,0.009968569,0.009869309,1.0113904,87174,0.11284708976745605
1087,Control Variate (Z^2),0.010269994,0.009160225,0.010120516,0.98628616,87174,0.08664846420288086
1088,Importance Sampling (E[L*] = 5),0.010269994,0.010244689,0.0005702968,17.502684,87174,0.04833722114562988
1089,Importance Sampling (E[L*] = x),0.010269994,0.010232478,0.00027809886,35.89272,87174,0.04175066947937012
1090,Crude MC,0.010269994,0.010550956,0.010439753,1,87575,0.26052021980285645
1091,Control Variate (2Z),0.010269994,0.010082787,0.009981238,1.0459377,87575,0.07410931587219238
1092,Control Variate (Z^2),0.010269994,0.009389729,0.01044758,0.99925077,87575,0.10219669342041016
1093,Importance Sampling (E[L*] = 5),0.010269994,0.010247353,0.0005696555,18.326431,87575,0.05506014823913574
1094,Importance Sampling (E[L*] = x),0.010269994,0.010218862,0.000279737,37.319885,87575,0.043763160705566406
1095,Crude MC,0.010269994,0.01008241,0.009980868,1,87975,0.2822449207305908
1096,Control Variate (2Z),0.010269994,0.010707588,0.010593055,0.94220865,87975,0.08324027061462402
1097,Control Variate (Z^2),0.010269994,0.009296256,0.009863421,1.0119072,87975,0.08627486228942871
1098,Importance Sampling (E[L*] = 5),0.010269994,0.010249194,0.0005741012,17.385204,87975,0.047196388244628906
1099,Importance Sampling (E[L*] = x),0.010269994,0.010344133,0.00028281228,35.291492,87975,0.04479503631591797
1100,Crude MC,0.010269994,0.009889563,0.009791871,1,88376,0.31154417991638184
1101,Control Variate (2Z),0.010269994,0.00996877,0.009869506,0.99213386,88376,0.09335708618164062
1102,Control Variate (Z^2),0.010269994,0.009089328,0.010146016,0.9650951,88376,0.08398008346557617
1103,Importance Sampling (E[L*] = 5),0.010269994,0.010229459,0.00057175354,17.126034,88376,0.041959285736083984
1104,Importance Sampling (E[L*] = x),0.010269994,0.010385686,0.0002831551,34.5813,88376,0.03828692436218262
1105,Crude MC,0.010269994,0.009912478,0.009814329,1,88777,0.25679564476013184
1106,Control Variate (2Z),0.010269994,0.010419366,0.010310918,0.95183855,88777,0.08194851875305176
1107,Control Variate (Z^2),0.010269994,0.009847828,0.010433437,0.9406612,88777,0.11454176902770996
1108,Importance Sampling (E[L*] = 5),0.010269994,0.010192886,0.00056945084,17.234726,88777,0.04904651641845703
1109,Importance Sampling (E[L*] = x),0.010269994,0.010136767,0.00027658298,35.48421,88777,0.04586434364318848
1110,Crude MC,0.010269994,0.010540716,0.010429726,1,89178,0.26811909675598145
1111,Control Variate (2Z),0.010269994,0.010383727,0.0102760205,1.0149577,89178,0.09201359748840332
1112,Control Variate (Z^2),0.010269994,0.00939328,0.010672227,0.9772774,89178,0.09986042976379395
1113,Importance Sampling (E[L*] = 5),0.010269994,0.0101773525,0.0005676244,18.374344,89178,0.05243229866027832
1114,Importance Sampling (E[L*] = x),0.010269994,0.010255137,0.00027950463,37.315037,89178,0.0522000789642334
1115,Crude MC,0.010269994,0.009957691,0.009858646,1,89579,0.3057103157043457
1116,Control Variate (2Z),0.010269994,0.010605164,0.010492813,0.93956184,89579,0.0920405387878418
1117,Control Variate (Z^2),0.010269994,0.009385569,0.0110087,0.89553225,89579,0.09813618659973145
1118,Importance Sampling (E[L*] = 5),0.010269994,0.010340122,0.00057446794,17.161352,89579,0.042191505432128906
1119,Importance Sampling (E[L*] = x),0.010269994,0.01018579,0.0002779722,35.466305,89579,0.05058431625366211
1120,Crude MC,0.010269994,0.010758066,0.010642449,1,89979,0.26083850860595703
1121,Control Variate (2Z),0.010269994,0.010902544,0.010783799,0.9868924,89979,0.0754249095916748
1122,Control Variate (Z^2),0.010269994,0.009504963,0.010229455,1.040373,89979,0.09159398078918457
1123,Importance Sampling (E[L*] = 5),0.010269994,0.010286859,0.00057434785,18.529623,89979,0.04677176475524902
1124,Importance Sampling (E[L*] = x),0.010269994,0.010242555,0.00028072915,37.910027,89979,0.0502018928527832
1125,Crude MC,0.010269994,0.010909493,0.010790596,1,90380,0.3042569160461426
1126,Control Variate (2Z),0.010269994,0.0105996905,0.010487453,1.0289053,90380,0.08919858932495117
1127,Control Variate (Z^2),0.010269994,0.00921499,0.009829033,1.0978289,90380,0.07395672798156738
1128,Importance Sampling (E[L*] = 5),0.010269994,0.010224585,0.00057020003,18.924229,90380,0.04927778244018555
1129,Importance Sampling (E[L*] = x),0.010269994,0.010316526,0.00028156475,38.323673,90380,0.052529335021972656
1130,Crude MC,0.010269994,0.010464745,0.010355347,1,90781,0.2736353874206543
1131,Control Variate (2Z),0.010269994,0.010277481,0.010171965,1.0180281,90781,0.08934903144836426
1132,Control Variate (Z^2),0.010269994,0.009748211,0.0102449525,1.0107754,90781,0.0798788070678711
1133,Importance Sampling (E[L*] = 5),0.010269994,0.010149015,0.0005685663,18.213085,90781,0.04401564598083496
1134,Importance Sampling (E[L*] = x),0.010269994,0.010338846,0.00028257055,36.646942,90781,0.048752784729003906
1135,Crude MC,0.010269994,0.010396789,0.010288808,1,91182,0.2861769199371338
1136,Control Variate (2Z),0.010269994,0.010034876,0.009934286,1.0356867,91182,0.09889960289001465
1137,Control Variate (Z^2),0.010269994,0.010040742,0.010450631,0.9845154,91182,0.08382296562194824
1138,Importance Sampling (E[L*] = 5),0.010269994,0.010152748,0.0005671546,18.141098,91182,0.05198359489440918
1139,Importance Sampling (E[L*] = x),0.010269994,0.010215981,0.0002796315,36.794167,91182,0.046152591705322266
1140,Crude MC,0.010269994,0.010274832,0.010169371,1,91583,0.26613783836364746
1141,Control Variate (2Z),0.010269994,0.010831704,0.010714495,0.9491228,91583,0.09575128555297852
1142,Control Variate (Z^2),0.010269994,0.009643556,0.010577452,0.9614197,91583,0.09396576881408691
1143,Importance Sampling (E[L*] = 5),0.010269994,0.010287237,0.0005726959,17.757017,91583,0.04649949073791504
1144,Importance Sampling (E[L*] = x),0.010269994,0.010268974,0.00027969226,36.359142,91583,0.05138444900512695
1145,Crude MC,0.010269994,0.010186665,0.010083007,1,91983,0.2852447032928467
1146,Control Variate (2Z),0.010269994,0.01042584,0.010317254,0.9772956,91983,0.08984231948852539
1147,Control Variate (Z^2),0.010269994,0.009039146,0.009675515,1.0421158,91983,0.07459807395935059
1148,Importance Sampling (E[L*] = 5),0.010269994,0.0103243515,0.0005754385,17.5223,91983,0.04289722442626953
1149,Importance Sampling (E[L*] = x),0.010269994,0.010277267,0.00028007603,36.00096,91983,0.0407407283782959
1150,Crude MC,0.010269994,0.0101316245,0.010029084,1,92384,0.32307958602905273
1151,Control Variate (2Z),0.010269994,0.010726965,0.010612013,0.94506896,92384,0.09543418884277344
1152,Control Variate (Z^2),0.010269994,0.0088263545,0.009675986,1.0364922,92384,0.07483959197998047
1153,Importance Sampling (E[L*] = 5),0.010269994,0.010290658,0.00057463313,17.45302,92384,0.04278397560119629
1154,Importance Sampling (E[L*] = x),0.010269994,0.010195466,0.00027789804,36.089077,92384,0.04361557960510254
1155,Crude MC,0.010269994,0.010691383,0.0105771925,1,92785,0.28869032859802246
1156,Control Variate (2Z),0.010269994,0.009936951,0.009838316,1.075102,92785,0.07489323616027832
1157,Control Variate (Z^2),0.010269994,0.009887401,0.010223791,1.0345666,92785,0.08921265602111816
1158,Importance Sampling (E[L*] = 5),0.010269994,0.010325435,0.0005755713,18.376858,92785,0.04418540000915527
1159,Importance Sampling (E[L*] = x),0.010269994,0.010186956,0.00028060217,37.694622,92785,0.04255390167236328
1160,Crude MC,0.010269994,0.010623913,0.010511158,1,93186,0.3017599582672119
1161,Control Variate (2Z),0.010269994,0.010237589,0.01013289,1.0373307,93186,0.09624552726745605
1162,Control Variate (Z^2),0.010269994,0.009509536,0.009953047,1.0560744,93186,0.09007596969604492
1163,Importance Sampling (E[L*] = 5),0.010269994,0.010269166,0.00057224784,18.368193,93186,0.04803323745727539
1164,Importance Sampling (E[L*] = x),0.010269994,0.010348527,0.00028372518,37.04697,93186,0.046636343002319336
1165,Crude MC,0.010269994,0.010727986,0.010613009,1,93587,0.2641022205352783
1166,Control Variate (2Z),0.010269994,0.010396743,0.01028876,1.0315149,93587,0.08441615104675293
1167,Control Variate (Z^2),0.010269994,0.009272432,0.010176075,1.0429374,93587,0.07880949974060059
1168,Importance Sampling (E[L*] = 5),0.010269994,0.010166761,0.00056728884,18.7083,93587,0.046518802642822266
1169,Importance Sampling (E[L*] = x),0.010269994,0.010270018,0.00028089277,37.783134,93587,0.042475223541259766
1170,Crude MC,0.010269994,0.010735528,0.01062039,1,93987,0.27565670013427734
1171,Control Variate (2Z),0.010269994,0.00969283,0.009598981,1.1064081,93987,0.10260772705078125
1172,Control Variate (Z^2),0.010269994,0.009298672,0.010617184,1.000302,93987,0.08938050270080566
1173,Importance Sampling (E[L*] = 5),0.010269994,0.010280196,0.0005731795,18.528908,93987,0.052316904067993164
1174,Importance Sampling (E[L*] = x),0.010269994,0.010321576,0.00028262657,37.577465,93987,0.051367998123168945
1175,Crude MC,0.010269994,0.010054245,0.009953263,1,94388,0.23728156089782715
1176,Control Variate (2Z),0.010269994,0.010075433,0.009974024,0.9979185,94388,0.07759618759155273
1177,Control Variate (Z^2),0.010269994,0.009369732,0.010706361,0.92965883,94388,0.09823846817016602
1178,Importance Sampling (E[L*] = 5),0.010269994,0.010295026,0.0005752295,17.303116,94388,0.058293819427490234
1179,Importance Sampling (E[L*] = x),0.010269994,0.010282282,0.00028161117,35.343994,94388,0.053763389587402344
1180,Crude MC,0.010269994,0.010117208,0.010014954,1,94789,0.26755404472351074
1181,Control Variate (2Z),0.010269994,0.010486449,0.010376594,0.9651485,94789,0.08009600639343262
1182,Control Variate (Z^2),0.010269994,0.009364236,0.010191892,0.9826393,94789,0.08849644660949707
1183,Importance Sampling (E[L*] = 5),0.010269994,0.010298118,0.0005746315,17.42848,94789,0.04230642318725586
1184,Importance Sampling (E[L*] = x),0.010269994,0.010211897,0.00027673205,36.190075,94789,0.04471755027770996
1185,Crude MC,0.010269994,0.010746927,0.010631542,1,95190,0.2594032287597656
1186,Control Variate (2Z),0.010269994,0.010883496,0.010765159,0.98758805,95190,0.09055089950561523
1187,Control Variate (Z^2),0.010269994,0.009470401,0.010135975,1.0488919,95190,0.08696794509887695
1188,Importance Sampling (E[L*] = 5),0.010269994,0.010335122,0.0005774411,18.411472,95190,0.05284833908081055
1189,Importance Sampling (E[L*] = x),0.010269994,0.01017755,0.0002771368,38.362072,95190,0.04687237739562988
1190,Crude MC,0.010269994,0.010670461,0.010556711,1,95591,0.292527437210083
1191,Control Variate (2Z),0.010269994,0.010003563,0.022154946,0.47649455,95591,0.09604620933532715
1192,Control Variate (Z^2),0.010269994,0.009362574,0.010185117,1.036484,95591,0.10178613662719727
1193,Importance Sampling (E[L*] = 5),0.010269994,0.0102494005,0.00057586917,18.331787,95591,0.04541754722595215
1194,Importance Sampling (E[L*] = x),0.010269994,0.010322288,0.0002826003,37.355625,95591,0.05342912673950195
1195,Crude MC,0.010269994,0.009834255,0.009737644,1,95991,0.3138561248779297
1196,Control Variate (2Z),0.010269994,0.010396808,0.0102888215,0.9464295,95991,0.08357572555541992
1197,Control Variate (Z^2),0.010269994,0.009099225,0.009987276,0.97500503,95991,0.08648061752319336
1198,Importance Sampling (E[L*] = 5),0.010269994,0.010375872,0.0005766995,16.885126,95991,0.06743860244750977
1199,Importance Sampling (E[L*] = x),0.010269994,0.01015574,0.00027714795,35.135185,95991,0.05353832244873047
1200,Crude MC,0.010269994,0.010291311,0.010185505,1,96392,0.2561373710632324
1201,Control Variate (2Z),0.010269994,0.011245747,0.0111193955,0.9160125,96392,0.07375049591064453
1202,Control Variate (Z^2),0.010269994,0.009982033,0.010378542,0.9814004,96392,0.07592105865478516
1203,Importance Sampling (E[L*] = 5),0.010269994,0.010236164,0.0005707076,17.847153,96392,0.03835129737854004
1204,Importance Sampling (E[L*] = x),0.010269994,0.010259294,0.00028112836,36.2308,96392,0.0386195182800293
1205,Crude MC,0.010269994,0.010475964,0.010366324,1,96793,0.3064610958099365
1206,Control Variate (2Z),0.010269994,0.010527621,0.010416897,0.99514514,96793,0.10876774787902832
1207,Control Variate (Z^2),0.010269994,0.009353201,0.009980269,1.0386819,96793,0.11104965209960938
1208,Importance Sampling (E[L*] = 5),0.010269994,0.010161502,0.0005649454,18.34925,96793,0.06437969207763672
1209,Importance Sampling (E[L*] = x),0.010269994,0.01028922,0.00028006846,37.01354,96793,0.05885505676269531
1210,Crude MC,0.010269994,0.010103504,0.010001526,1,97194,0.32317209243774414
1211,Control Variate (2Z),0.010269994,0.009599358,0.00950731,1.0519828,97194,0.10656237602233887
1212,Control Variate (Z^2),0.010269994,0.009687653,0.01028175,0.97274554,97194,0.09325361251831055
1213,Importance Sampling (E[L*] = 5),0.010269994,0.010220336,0.0005650917,17.698944,97194,0.05150318145751953
1214,Importance Sampling (E[L*] = x),0.010269994,0.010286592,0.0002813455,35.548912,97194,0.04405665397644043
1215,Crude MC,0.010269994,0.010318152,0.010211792,1,97595,0.2505073547363281
1216,Control Variate (2Z),0.010269994,0.010553819,0.010442544,0.9779027,97595,0.08822965621948242
1217,Control Variate (Z^2),0.010269994,0.009525405,0.010615347,0.9619838,97595,0.08865165710449219
1218,Importance Sampling (E[L*] = 5),0.010269994,0.010204272,0.0005693654,17.935392,97595,0.03952383995056152
1219,Importance Sampling (E[L*] = x),0.010269994,0.0102418875,0.0002796139,36.521046,97595,0.040567636489868164
1220,Crude MC,0.010269994,0.010184193,0.010080578,1,97995,0.25604748725891113
1221,Control Variate (2Z),0.010269994,0.010418899,0.010310451,0.9777049,97995,0.08221626281738281
1222,Control Variate (Z^2),0.010269994,0.009631827,0.009772129,1.0315641,97995,0.08660221099853516
1223,Importance Sampling (E[L*] = 5),0.010269994,0.010256777,0.00057114236,17.64985,97995,0.052240610122680664
1224,Importance Sampling (E[L*] = x),0.010269994,0.0102427825,0.0002794995,36.066532,97995,0.051360130310058594
1225,Crude MC,0.010269994,0.010406927,0.010298728,1,98396,0.26245880126953125
1226,Control Variate (2Z),0.010269994,0.010406927,0.010298727,1.0000001,98396,0.09956884384155273
1227,Control Variate (Z^2),0.010269994,0.009258796,0.009620514,1.0704967,98396,0.08224225044250488
1228,Importance Sampling (E[L*] = 5),0.010269994,0.010269274,0.00057258236,17.986458,98396,0.047448158264160156
1229,Importance Sampling (E[L*] = x),0.010269994,0.010286795,0.00028007917,36.770775,98396,0.043648481369018555
1230,Crude MC,0.010269994,0.010212861,0.010108661,1,98797,0.28278565406799316
1231,Control Variate (2Z),0.010269994,0.010263469,0.010158233,0.99512,98797,0.11292028427124023
1232,Control Variate (Z^2),0.010269994,0.009630934,0.009989236,1.0119554,98797,0.09241986274719238
1233,Importance Sampling (E[L*] = 5),0.010269994,0.010224212,0.0005698336,17.739672,98797,0.04868674278259277
1234,Importance Sampling (E[L*] = x),0.010269994,0.0102911955,0.000280259,36.068996,98797,0.04416370391845703
1235,Crude MC,0.010269994,0.010050606,0.0099496925,1,99198,0.2994089126586914
1236,Control Variate (2Z),0.010269994,0.010181657,0.010078091,0.9872596,99198,0.10859012603759766
1237,Control Variate (Z^2),0.010269994,0.009204362,0.0098624695,1.0088439,99198,0.09079456329345703
1238,Importance Sampling (E[L*] = 5),0.010269994,0.010221955,0.000568464,17.502766,99198,0.0430142879486084
1239,Importance Sampling (E[L*] = x),0.010269994,0.010339932,0.00028165724,35.325535,99198,0.04152250289916992
1240,Crude MC,0.010269994,0.010702918,0.010588473,1,99599,0.2634456157684326
1241,Control Variate (2Z),0.010269994,0.010512154,0.010401753,1.0179508,99599,0.0851898193359375
1242,Control Variate (Z^2),0.010269994,0.009778571,0.010282121,1.0297947,99599,0.07870030403137207
1243,Importance Sampling (E[L*] = 5),0.010269994,0.010065818,0.0005610739,18.871798,99599,0.04932522773742676
1244,Importance Sampling (E[L*] = x),0.010269994,0.010207876,0.0002804729,37.752216,99599,0.05178046226501465
1245,Crude MC,0.010269994,0.01072,0.010605186,1,100000,0.267789363861084
1246,Control Variate (2Z),0.010269994,0.0098,0.009704056,1.0928612,100000,0.09901785850524902
1247,Control Variate (Z^2),0.010269994,0.009825977,0.010395807,1.0201408,100000,0.08895993232727051
1248,Importance Sampling (E[L*] = 5),0.010269994,0.010473262,0.0005832914,18.181625,100000,0.05036497116088867
1249,Importance Sampling (E[L*] = x),0.010269994,0.010280209,0.0002818465,37.627525,100000,0.06248784065246582
